id,name,rarity,category,str,def,dex,agi,power,avr,ratio,caption,trash
0,棒きれ,0,1,7,0,-1,1,7,70 ,0.10 ,両手に持つとカッコいい。,0
1,かばん,0,2,0,7,3,-2,8,70 ,0.11 ,たくさん入る大きなかばん。,0
2,ほうき,0,1,8,3,2,7,20,70 ,0.29 ,持ち手がささくれてきている普通のほうき。,0
3,ビー玉,0,3,-2,0,6,5,9,70 ,0.13 ,握るとひんやり気持ちいい。,0
4,焼きチョコ,0,4,10,5,13,16,44,70 ,0.63 ,焼き固めてあるから冒険中ポケットに入れても溶けない。,0
5,ベルマーク,1,3,-2,0,10,0,8,70 ,0.11 ,1.5点。溜め込んでも失くすので防具に使ってしまおう。,0
6,はがねのつるぎ,1,1,16,4,-6,-3,11,70 ,0.16 ,素人には重すぎて扱いづらい。でも叩けば痛い！,0
7,フロッピー,0,3,0,13,8,23,44,70 ,0.63 ,しろこのPCでは読み込めない。,0
8,透明したじき,1,2,1,12,2,7,22,70 ,0.31 ,透明な下敷き。何枚か重ねると魔法障壁になる。,0
9,ヨーヨー,0,1,8,1,25,-2,32,70 ,0.46 ,ぶつけて使う。,0
10,みかん,0,4,10,-2,4,10,22,70 ,0.31 ,甘みたっぷり。,0
11,食品サンプル,3,3,46,17,18,19,100,70 ,1.43 ,スパゲッティが空中で巻き取られている様子のものだ。,0
12,円卓模型,0,2,12,16,13,1,42,70 ,0.60 ,誰かの忘れ物のようだ。カードも入っているのでそのまま使える。,0
13,コーヒー豆,0,4,2,14,1,5,22,70 ,0.31 ,よく炒ってある。チョコをかけてポリポリ食べる。,0
14,サーベル,0,1,17,0,0,9,26,70 ,0.37 ,刀身が反っているカタナ。よく切れる。,0
15,どうのつるぎ,1,1,41,10,-6,-2,43,70 ,0.61 ,お前その名前ではがねのつるぎより強いってどういうことだよ！,0
16,木製パチンコ,0,1,13,4,18,2,37,70 ,0.53 ,Y字の木の棒にゴムを掛けて作った簡素なパチンコ。これでも結構痛い。,0
17,缶入りドロップス,0,4,-10,31,-5,16,32,70 ,0.46 ,ふたりともハッカを引いても戻すのでハッカだらけになっている。だんだんベタベタしてきた。,0
18,100tハンマー,2,1,130,-20,-50,-20,40,70 ,0.57 ,おもい……！けど当たれば一発で昇天させるパワー全振りハンマー。,0
19,ケーブル,0,3,-3,18,31,2,48,70 ,0.69 ,少しベタついている何かのケーブル。,0
20,ジャージ,0,2,10,14,10,10,44,70 ,0.63 ,「しろこ」と刺繍のされたちょっと高級な部屋着。丈夫で柔らかくて着たまま寝ても怒られない素晴らしい服だ！,0
21,トライデント,1,1,16,-23,67,0,60,70 ,0.86 ,先の方でみつまたに分かれた槍。先のほうが重いのでぶんぶん振り回せる。,0
22,つらら,0,1,4,-14,20,43,53,70 ,0.76 ,長い時間をかけてゴツゴツと育った本場のつらら。でもすぐ折れる。,0
23,触腕,2,1,25,25,25,25,100,70 ,1.43 ,イカの持つ自在に動かせる二本の腕。万能でゲソ！,0
24,水晶玉,0,3,-20,6,25,34,45,70 ,0.64 ,紫色のシルクでできた台座付き。特に霊的な加護は何もないが占いごっこを楽しめる。,0
25,フライパン,1,1,17,87,-25,-10,69,70 ,0.99 ,叩いた時の音波で攻撃するタイプの武器。朝だよ起きてー！カンカンカンカン！,0
26,おたま,1,1,24,-5,51,-3,67,70 ,0.96 ,フライパンと一緒に使う音波兵器。カンカンカンカンカンカンカンカン！！！！,0
27,麦わら帽子,0,2,13,26,0,11,50,70 ,0.71 ,白いリボンが一回り巻いてある。,0
28,レーヴァテイン,3,1,76,-60,50,45,111,70 ,1.59 ,炎をまとう伝説の剣。「崩壊」の呪力が込められており、対象を霊的な意味でも「切断」し、種々の加護を断ち切って直接攻撃することができる。,0
29,みかん箱,0,4,5,30,30,-10,55,70 ,0.79 ,1年に1箱、まとめて買ってゆっくり食べるみかんのダンボールだ。,0
30,グラシュ,2,2,40,-20,5,85,110,70 ,1.57 ,略さず言うとアンチグラビトンシューズ。履くと空を飛べる凄い靴だが、制御が難しく慣れないうちはすっ転ぶ。,0
31,甲羅の盾,0,2,-20,97,-40,13,50,70 ,0.71 ,大きな亀の甲羅を加工して作った盾。大きすぎて扱いが難しい。,0
32,テトリミノI,0,3,20,15,15,15,65,70 ,0.93 ,通称「棒」の頼れる兄貴分。攻撃力も使いやすさも抜群のエースアタッカー。,0
33,テトリミノL,0,3,15,20,15,15,65,70 ,0.93 ,特別言うことのない普通のテトリミノ。,0
34,テトリミノZ,0,3,15,15,20,15,65,70 ,0.93 ,若干使いにくい赤色のテトリミノ。トリッキーな戦術を好む。,0
35,テトリミノO,0,3,15,15,15,20,65,70 ,0.93 ,尖っているところもなくこれと言った強みを持たず穴埋めも苦手という扱いにくいテトリミノ。ホールド！ホールドさせて！,0
36,シルバーアクセ,0,2,-1,51,24,10,84,70 ,1.20 ,ちゃりちゃり。しろこの真っ白な服にも、くろこの真っ黒な服にも似合うオシャレなネックレス。,0
37,連装砲,1,1,41,45,-5,2,83,70 ,1.19 ,何故か顔が描いてある。手に持てるくらい小さいけど強力な艦砲だ！,0
38,サークル入場証,2,3,29,29,29,29,116,70 ,1.66 ,頑張った人がもらえるハイパー便利チケット。,0
39,天ぷらセット,0,4,17,45,-10,18,70,73 ,0.96 ,冒険中にも熱々の天ぷらを楽しめるようにと開発された簡易油揚げ設備。山菜狩りだー！,0
40,勇者の剣,1,1,56,17,28,1,102,77 ,1.33 ,刀身が非常に軽く、素早い身のこなしでニ連撃を見舞う剣。カタナへの負担は大きくすぐ折れるのでもったいなくて使えない。,0
41,ヤドクガエルの弓,0,1,45,-6,70,-14,95,80 ,1.19 ,毒ガエルの毒を矢じりに塗った狩猟用の実戦弓。,0
42,魔導書,0,3,11,-14,46,23,66,84 ,0.79 ,内容は全く読めない…けど持っているとなぜかトイレに行きたくなる。　これは……古本の匂い！,0
43,プレートアーマー,0,2,-45,163,19,-30,107,87 ,1.23 ,鉄板を重ねて作る鎧。案の定重い！,0
44,大幣,1,3,41,-54,11,98,96,91 ,1.06 ,オオヌサと読むお祓いアイテム。ヒャッハー浄化だー！,0
45,ハニーチュロス,0,4,0,0,91,23,114,95 ,1.21 ,表面はカリッと中はもちもち。冷めても美味しさそのままの定番ドーナツ。,0
46,サポートビット,2,2,-30,80,-24,98,124,98 ,1.26 ,使役者への攻撃を自動的に検知し霊力のバリアを展開する。霊力の供給源はしろこ達なので実はしんどい。,0
47,仮面,3,3,80,31,53,3,167,102 ,1.63 ,使用者の命を削って「根源」への道を開き、身体能力を限界まで強化する仮面。,0
48,ピコハン,0,1,1,-60,90,80,111,106 ,1.04 ,速く正確に敵の頭を撃ち抜く…それだけだ…！,0
49,水神の槍,3,1,54,13,65,54,186,110 ,1.69 ,水神から賜った、細身の銀の槍。,0
50,雷神の槌,3,1,45,33,41,71,190,114 ,1.66 ,雷神から賜った、ひどくアンバランスで巨大なハンマー。,0
51,スプーン,0,3,51,61,-1,33,144,118 ,1.22 ,しろこのお気に入り。,0
52,特典CD,0,3,0,40,50,50,140,123 ,1.14 ,えっと..これ…どこのサークルのなんだっけ…,0
53,カエデの葉,0,2,1,71,-23,71,120,127 ,0.95 ,大きな厚みのある葉っぱ。,0
54,ブーメラン,0,1,12,21,163,-31,165,131 ,1.26 ,当たらなかったら戻ってくる投擲武器。当たったら…どうするんだろう…,0
55,ルビーの杖,1,1,70,-11,99,5,163,136 ,1.20 ,先端に大きなルビーをはめ込んである木の杖。霊力がみなぎってくる気がする。,0
56,ミネラルウォーター,0,4,71,-100,77,62,110,140 ,0.78 ,そのへんから汲んできたおいしい水。,0
57,鉄扇,1,1,76,61,-43,60,154,145 ,1.06 ,なんだかよくわからない仕組みの武器。固い棒として叩いて使っている。,0
58,ルーンのペンダント,1,3,-74,51,97,91,165,149 ,1.10 ,ルーン文字の刻まれたペンダント。,0
59,霊符<プリマ>,2,3,56,56,56,56,224,154 ,1.45 ,霊力で動く式神の召喚符。やたら喋る妖精プリマを召喚する。,0
60,くろこハンマー,2,1,74,89,33,31,227,159 ,1.43 ,くろこお気に入りの槌。微かな魂が宿っており、くろこの意思に応じて質量を変化させる。,0
61,しろランス,2,1,45,11,106,87,249,164 ,1.52 ,しろこが愛用している槍。しろこの霊力が定着しているため意思を持つ。戦闘中ちょっと伸びたりちょっと軽くなったりしてこっそりしろこをサポートする。,0
62,ニーソックス,1,2,0,108,34,70,212,168 ,1.26 ,ながーい靴下。,0
63,プロテスメット,0,2,10,130,20,20,180,173 ,1.04 ,防御魔法の掛かった兜。物理半減だ！つよい！,0
64,手裏剣,0,1,80,10,0,111,201,178 ,1.13 ,特殊な形の投げナイフ。イヤーッ！,0
65,アロンダイト,3,1,223,-10,-100,199,312,183 ,1.70 ,なんか地味な魔剣。クリティカルとか出せます…！,0
66,テンプレート,1,3,67,0,49,70,186,188 ,0.99 ,かみ合わせを良くして力を入れやすくする補助具。その比率ッ！,0
67,かまぼこ,0,4,0,13,131,3,147,194 ,0.76 ,かまぼこだ。,0
68,ねこみみ,1,2,-18,164,11,47,204,199 ,1.03 ,これを…わたしたちが着けるのか…？,0
69,霊符<ローズ>,2,3,61,131,87,34,313,204 ,1.53 ,霊力で動く式神の召喚符。いい匂いのする妖精ローズを召喚する。,0
70,サルミアッキ,0,4,-13,88,121,21,217,209 ,1.04 ,凶悪な味のする北欧の飴。Amazonで買える。,0
71,魔法少女ステッキ,0,1,54,43,70,43,210,215 ,0.98 ,ボタンを押すと喋るおもちゃ。,0
72,灯火の霊珠,2,3,89,51,71,108,319,220 ,1.45 ,灯火に宿る霊の魔力を抽出して作った水晶玉。,0
73,ゼクシィ,0,1,180,-50,20,86,236,226 ,1.04 ,厚みのある鈍槌。中には夢のあるポエムが書かれている。,0
74,ロリックス,2,3,131,86,45,61,323,232 ,1.40 ,異世界で有名な伝説のドラゴン。 …だからドラゴンの名前ですってば！,0
75,巾着切り,0,3,89,0,85,0,174,237 ,0.73 ,えっ…あっ貴様そんな……じゃあ5金で…………ええ……巾着切りもう一枚買います……,0
76,革のポーチ,0,2,46,93,10,10,159,243 ,0.65 ,革製の丈夫なポーチ。,0
77,スリセルのロザリオ,3,2,45,156,166,51,418,249 ,1.68 ,碧水の守護天使との契約の証。　回復とか回復とかできます。,0
78,理力の杖,0,1,-131,176,55,176,276,255 ,1.08 ,霊力と違う機構の呪文を助ける杖らしい。,0
79,霊符<ラスト>,2,3,156,34,45,172,407,260 ,1.56 ,霊力で動く式神の召喚符。腐食を操る妖精ラストを召喚する。,0
80,大アルカナ,1,3,51,40,30,20,141,266 ,0.53 ,いいのか…これは売って大丈夫なものなのか…? ,0
81,干しみかん,0,4,10,111,10,10,141,272 ,0.52 ,なんだこれ…！カッスカスじゃねえか……！一切の水気なしッ…… 水分ゼロッ…！ 食えるかッこんなもん……！,0
82,ラスク,0,4,11,111,11,11,144,279 ,0.52 ,固っ！？あっこいつもパッサパサでしかも口の中痛い！質悪い！,0
83,堅パン,0,4,12,111,12,12,147,285 ,0.52 ,歯が立たないほど固く焼きしめられたパン。缶入り！,0
84,渇望,3,1,166,143,118,20,447,291 ,1.54 ,干からびた死者の魂の怨念篭もる魔剣。,0
85,干し飯,0,4,13,111,13,13,150,297 ,0.50 ,アルファ化米ともいう、一度炊いてから乾燥させた保存食。,0
86,クッキー,0,4,14,111,14,14,153,303 ,0.50 ,かたやき。すっごいパッサパサだよパッサパサ！どーしてくれんだ！,0
87,バウムクーヘン,0,4,15,111,15,15,156,310 ,0.50 ,牛乳は別料金。口内の水分を容赦なく完膚なきまでに吸着する。,0
88,梅干し,2,4,100,16,100,100,316,316 ,1.00 ,じゅわっ……,0
89,霊符<チルノ>,2,3,267,-70,20,300,517,323 ,1.60 ,霊力で動く式神の召喚符。算数の妖精チルノを召喚する。,0
90,スキップ,0,3,32,130,70,76,308,329 ,0.94 ,FGOとかゆずソフトとかFEHとかいたるところで見られるオシャレかわいい有料フォント。,0
91,リノセウス,2,1,230,-30,332,-60,472,336 ,1.40 ,5点と7点と…これだと3点足りなくて… ,0
92,王冠,0,2,16,214,0,54,284,343 ,0.83 ,重量感のある王者の証。,0
93,タンザナイト,0,2,97,142,131,-31,339,349 ,0.97 ,深い青色の宝石。,0
94,アイスフォーク,0,1,311,131,-243,128,327,356 ,0.92 ,霊力によって冷やされたフォーク。,0
95,エッケルザクス,2,1,211,341,-161,113,504,363 ,1.39 ,便利な殺人濡れタオル。,0
96,ククリナイフ,0,1,135,-10,31,211,367,370 ,0.99 ,刀身の曲がった大きめのナイフ。,0
97,うさみみ,1,2,100,100,100,100,400,377 ,1.06 ,4つ耳キャラだー！,0
98,黒ニーソ,1,2,176,51,32,255,514,384 ,1.34 ,攻撃力の高いタイプのニーソ。,0
99,バニー服,1,2,-143,541,80,12,490,391 ,1.25 ,しろことくろこの体型的に罰ゲームにしか見えないセクシー衣装。,0
100,サポートビットII,2,2,-230,400,-153,452,469,398 ,1.18 ,霊力を盾にするシールドフィールドの強化バージョン。体力もガンガン吸います。,0
101,チーズ蒸しパン,0,4,51,-19,131,2,165,405 ,0.41 ,冷やして食べよう。,0
102,ラックのたね,0,3,1,40,275,178,494,413 ,1.20 ,えっ...誰に食わせりゃ良いんだ...,0
103,桜の枝,0,1,74,40,120,90,324,420 ,0.77 ,丈夫かというとそうでもない木の枝。,0
104,GTX1070,1,2,44,431,223,-197,501,427 ,1.17 ,超にぎやかに光るグラフィックボード。パワーもすごい。,0
105,デルフリンガー,3,1,223,87,278,113,701,435 ,1.61 ,一騎闘千の喋る剣。,0
106,カニ,0,4,131,56,243,0,430,442 ,0.97 ,カニって... カニってお前... 武器でもなんでもねえじゃん...!,0
107,フリル付きスク水,2,2,542,-532,98,517,625,450 ,1.39 ,可愛いけどどこで着るのか疑問なスクール水着。でも可愛い。すごーく可愛い。,0
108,炎の印章,0,3,200,240,10,100,550,457 ,1.20 ,携帯カイロと同じ原理でいつでも大火力を生み出せる使い捨てのシール。マナクリとか焼けます。,0
109,霊符<デス>,2,3,666,-66,-66,-66,468,465 ,1.01 ,霊力で動く式神の召喚符。衰弱の妖精デスを召喚する。,0
110,しっぽキーホルダー,0,2,35,4,213,231,483,473 ,1.02 ,きつねのしっぽを模した腰につけるキーホルダー。,0
111,画鋲,0,3,211,190,31,-56,376,480 ,0.78 ,まきびし！えっダメ？シャレにならない？ ごめんなさい...,0
112,ファイアフラワー,1,1,312,20,76,100,508,488 ,1.04 ,シュボボボボ,0
113,新巻き鮭,0,1,130,33,223,90,476,496 ,0.96 ,おっきいおいしい鮭。,0
114,キムワイプ,0,3,11,321,111,1,444,504 ,0.88 ,いやーあたしら理系だからなーキムワイプとか超使ってるし！,0
115,振動子,0,3,-210,1,510,113,414,512 ,0.81 ,微弱な電流を与えると一定の間隔で振動する不思議な石。,0
116,サイコガン,2,1,310,110,221,10,651,520 ,1.25 ,おまえらほんまに印刷所全体を敵に回して戦う気かい！,0
117,村雨丸,3,1,108,223,95,431,857,528 ,1.62 ,要石に刺さって抜けない伝説の妖刀。 ...幼刀言うな！キシャー！,0
118,ワイト,0,3,30,20,30,20,100,536 ,0.19 ,ワイトはそうは思いません。,0
119,霊符<ピリカ>,2,3,312,134,54,186,686,544 ,1.26 ,霊力で動く式神の召喚符。雷電の妖精ピリカを召喚する。,0
120,茶葉,0,4,1,221,3,211,436,553 ,0.79 ,缶入りの高級茶葉。,0
121,バリア,1,2,-10,997,121,-431,677,561 ,1.21 ,必要に応じて展開できる霊力の盾。バリーンって割れる。,0
122,はじめてのC,0,3,130,1,422,2,555,569 ,0.97 ,やだ、はずかC...,0
123,サビのカタマリ,0,3,250,1,1,250,502,578 ,0.87 ,おまえーっ ダイヤの腕輪がなーっ トレジャーをなーっ　ゆるさーん！,0
124,オオアゴザウルス,1,1,261,230,11,120,622,586 ,1.06 ,オオアゴザウルス,0
125,ミニ八卦炉,3,1,663,155,13,85,916,595 ,1.54 ,普通の魔女の愛用するマジックアイテム。すごいビームが出る。,0
126,みかわしの服,2,2,-19,464,19,431,895,603 ,1.48 ,なんとなく買い替えに躊躇するおまけ効果付きの服。,0
127,粘着テープの家,0,3,50,412,11,98,571,612 ,0.93 ,どう使うのかよくわからない罠。,0
128,長袖パジャマ,0,2,102,53,521,-58,618,621 ,1.00 ,ちょっとサイズが大きめで手先まですっぽり隠れてしまうパジャマ。,0
129,霊符<エルマ>,2,3,143,85,167,453,848,630 ,1.35 ,霊力で動く式神の召喚符。 暴風の妖精エルマを召喚する。,0
130,金塊,2,3,210,444,65,-100,619,638 ,0.97 ,うわー探検しててよかったー！！！ 億万長者だよ！！！！,0
131,カラーボール,1,1,110,13,342,276,741,647 ,1.14 ,すき家で牛丼を食っていると強盗が入ってきて店員が投げるもの。,0
131,遠心分離機,0,3,407,112,99,-43,575,647 ,0.89 ,ごっつい装置。値段が高い。,0
132,ピリカソード,2,1,514,0,128,322,964,656 ,1.47 ,ピリカがくれた雷をまとう剣。 触るたびにバチってするが切れ味は一級品。,0
132,ざらめ,0,4,131,-4,312,114,553,656 ,0.84 ,ジャリッ... ジャリッ...,0
133,ロングボウ,0,1,400,100,55,100,655,665 ,0.98 ,両手が塞がるがその大きさで圧倒的な威力を持つ弓。,0
134,竜の盾,1,2,223,498,12,-9,724,674 ,1.07 ,竜人が作ったとされる盾。,0
135,ピリカランス,2,1,331,10,387,110,838,683 ,1.23 ,ピリカお手製武器第二弾。ピリカラって呼んでくださいッス！,0
136,助六,0,4,-167,432,98,331,694,692 ,1.00 ,あたしって、ほんと助六...,0
137,クラインフィールド,3,2,-312,1017,-10,331,1026,702 ,1.46 ,与えられた衝撃を別次元の領域に退避させて受け流すバリア。インチキだー！,0
138,水素水,0,4,20,231,19,200,470,711 ,0.66 ,高くておいしい水。,0
139,霊符<リアス>,2,3,187,267,176,278,908,720 ,1.26 ,霊力で動く式神の召喚符。流氷の妖精リアスを召喚する。,0
140,ぼろ布,0,2,-54,541,-130,345,702,730 ,0.96 ,ゴワゴワした安い服。,0
141,青リボン,1,2,421,9,143,221,794,739 ,1.07 ,青色の大きなリボン。,0
142,マグマ・レイジャー,0,1,500,1,143,1,645,748 ,0.86 ,炎の精っぽい見た目のくせにファイアブラスト一発で落ちる最弱のミニオン。,0
143,ドルファヘキセンダ,0,3,199,99,99,299,696,758 ,0.92 ,えっ...これ、いいの？触って大丈夫なやつなのこれ？絶対毒入ってんじゃん,0
144,輪郭の断片,2,3,-121,551,224,411,1065,767 ,1.39 ,肝臓の端を抉り取ったような形をしたオブジェクト。しばしば信仰の対象となる。,0
145,十徳ナイフ,0,1,121,12,641,0,774,777 ,1.00 ,いろんな機能付きのゴチャゴチャしたナイフのようなもの。すぐ錆びる。,0
146,フエンせんべい,0,4,-10,321,341,112,764,787 ,0.97 ,やっす！何これ！無限に買うわ,0
147,チョーク,0,3,312,531,43,-78,808,796 ,1.01 ,魔法陣用の本格チョーク。成分的には市販のものと同じ。,0
148,トンファー,0,1,342,3,-87,510,768,806 ,0.95 ,トの字をした木の棒。トンファーキーック！,0
149,時間玉,1,3,99,-99,-99,999,900,816 ,1.10 ,異常に密度の高い物体。霊力を流すと周囲の時間を「食い」、時の流れを遅くする。,0
150,毛皮,0,2,331,632,-200,-10,753,826 ,0.91 ,もこもこの毛皮。あたたかい。,0
151,ラッキービースト,2,3,412,332,653,-300,1097,836 ,1.31 ,ｱﾜﾜﾜﾜﾜﾜﾜ......,0
152,火葬砲,3,1,809,-66,6,509,1258,846 ,1.49 ,すべてを焼き尽くして無に還す最強の火砲。 霊力を食いつぶすので打ったあとは眠くなる。,0
153,ヴァルカネル,3,1,561,224,223,341,1349,856 ,1.58 ,烈火の天使が一緒に戦います。 サラマンデルジャベリン！,0
154,ぞうきん,0,3,112,3,9,357,481,866 ,0.56 ,床をきれいにするための布。,0
155,けむり玉,0,3,15,2,223,541,781,876 ,0.89 ,いろんなゲームにある戦闘から確実に逃走できるアイテム。……こんなんで逃げきれるわけあるかァーッ！,0
156,レーザーガン,1,1,431,-99,453,271,1056,886 ,1.19 ,ノックバックと硬直が半端ない射撃武器。おいそれやめろ！,0
157,般若心経扇子,0,3,211,211,211,211,844,897 ,0.94 ,おみやげに大人気のお経が書いてある扇子。,0
158,サポビIV,2,2,-375,987,-231,882,1263,907 ,1.39 ,みんな大好きサポートビットさん4号。…あれ？マークIIIどこいった！？,0
159,科研費ステッカー,0,3,671,-221,751,-131,1070,917 ,1.17 ,予算が降りると貰えるシール。いろいろなところに貼って自慢しよう！,0
160,四つ葉のクローバー,0,3,-164,432,210,441,919,928 ,0.99 ,運が良いしるしの葉っぱ。真面目に探すと割と5分くらいで見つかる。,0
161,霊符<クルミ>,2,3,113,267,514,331,1225,938 ,1.31 ,霊力で動く式神の召喚符。天恵の妖精クルミを召喚する。,0
162,ケロリン,0,3,147,113,341,278,879,949 ,0.93 ,黄色い樹脂製の桶。半端ないシェア率を誇る銭湯の王者。,0
163,陰陽弾,1,1,632,-289,10,452,805,959 ,0.84 ,うおっまぶしっ！特にどういう効果のある弾かはわからない。,0
164,饗宴と飢餓の剣,3,1,763,154,783,-108,1592,970 ,1.64 ,死と再生という二つの相反する霊力の込められた魔剣。,0
165,チャイナドレス,1,2,-502,732,345,451,1026,981 ,1.05 ,本場の人によるといやらしい衣装じゃないらしいんだけど全然そうは見えないドレス。だって足！足見えてんじゃん！？,0
166,ビスマス結晶,0,3,-231,-98,876,432,979,991 ,0.99 ,幾何学的な模様と深い虹色が特徴的な金属の結晶。ご家庭でも溶かして作れます。,0
167,エーテル,0,3,442,21,561,-9,1015,1002 ,1.01 ,だいたい非売品なMP回復アイテム。いいんだよ使って！どうせ終盤は回復量足りなくなるし自動回復とか始めるんだから！！,0
168,あくまのオノ,2,1,666,666,66,66,1464,1013 ,1.45 ,…え？これいいの？えっめっちゃ強そうじゃんコレ　素振りしてみよ素振り,0
169,鉄仮面,0,2,256,763,56,-123,952,1024 ,0.93 ,ビジュアルを捨てて防御力全振りにした兜。やだーかわいくないー！,0
170,烏骨鶏,0,4,1111,-452,143,221,1023,1035 ,0.99 ,ｳｺｯ……ｳｺｺｺｯ……,0
171,こんにゃくゼリー,0,4,234,235,236,237,942,1046 ,0.90 ,固くておいしいゼリー。凍らせると破壊力が増す。,0
172,ルーミアのリボン,2,2,563,198,2,551,1314,1057 ,1.24 ,超強力な封印符。着用者の力を50分の1にまで押さえ込む。,0
173,四魂のかけら,1,3,432,-5,-6,672,1093,1068 ,1.02 ,持っているとわかりやすくパワーアップする宝玉の欠片。おすわり！,0
174,王家の槍,0,1,813,231,0,0,1044,1079 ,0.97 ,由緒正しそうな紋章のつけられた槍。とっても重い。,0
175,しゅうまい君,1,3,-189,456,456,456,1179,1090 ,1.08 ,喋るしゅうまい。周囲の言葉を学習して喋る内容を微妙に変化させる。,0
176,霊符<クレイン>,2,3,334,334,334,334,1336,1101 ,1.21 ,霊力で動く式神の召喚符。白翼の妖精クレインを召喚する。,0
177,砂金,0,3,-192,560,762,1,1131,1113 ,1.02 ,おほーっ金塊ほどじゃないけど資産価値高いアイテムキタコレーっ！,0
178,見知らぬ白銅貨,0,3,187,453,345,56,1041,1124 ,0.93 ,見たことのない文字が彫られているコイン。,0
179,グングニルの槍,2,1,224,-342,1190,234,1306,1135 ,1.15 ,各方面で八面六臂の活躍を魅せる、絶対に当たるチート槍。,0
180,ZUN帽,3,2,453,786,123,445,1807,1147 ,1.58 ,ナイトキャップとも呼ばれるもこもこのリボンつき帽子。,0
181,自爆スイッチ,0,3,666,-999,666,666,999,1158 ,0.86 ,またまたこういう名前のオモチャって見た目だけだからふんわりした補正…って何だこのDEFマイナスー！？,0
182,アルパカガウン,0,2,-176,981,34,340,1179,1170 ,1.01 ,アルパカの毛を使ったコート。ふわぁああったかーい！,0
183,刺身包丁,0,1,814,240,-673,751,1132,1181 ,0.96 ,半端ない刃渡りで圧倒できるゴツい包丁。これもう実質剣！剣だよコレ！,0
184,カラーコンタクト,0,3,-8,-71,1001,342,1264,1193 ,1.06 ,魔王といえばオッドアイ！とか言い出すような子がつける度無しコンタクト。そんなセオリーはない。,0
185,しっとりドーナツ,1,4,453,-563,332,1005,1227,1205 ,1.02 ,4つで一袋のしっとりしたドーナツ。冷凍庫に入れるとサクサクするぞ。,0
186,風切り四葉,0,3,78,12,754,213,1057,1217 ,0.87 ,換金性の高い素材アイテム。ポーションくださーい。,0
187,忍者装束,0,2,234,513,312,197,1256,1228 ,1.02 ,おへその出たコスプレ忍者衣装。忍者でござる！忍者でござる！,0
188,楼観剣,2,1,1008,516,19,214,1757,1240 ,1.42 ,半人半妖少女の操る二刀の長いほう。一太刀で幽霊10匹！,0
189,白楼剣,2,1,19,214,1008,516,1757,1252 ,1.40 ,半人半妖少女の操る二刀の短いほう。肘！肘やめて！,0
190,バキュラ,1,3,-143,999,763,-245,1374,1264 ,1.09 ,破壊不能と噂される硬質の一枚板。,0
191,金の卵,0,3,108,234,342,437,1121,1276 ,0.88 ,ｺﾛｯ…パカッ……☆4の進化後じゃねーか！,0
192,瞬足,0,3,-154,1,426,996,1269,1288 ,0.99 ,反時計回りに走ることに特化した非対称シューズ。コーナーで差を付けろ。,0
193,エストック,0,1,713,317,129,314,1473,1300 ,1.13 ,突きに特化した細長い剣。,0
194,ウ＝ス異本,1,3,317,317,317,317,1268,1312 ,0.97 ,魔導書のひとつ。箔押しPP加工遊び紙付き。,0
195,霊符<ピリミラ>,2,3,231,614,453,573,1871,1325 ,1.41 ,霊力で動く式神の召喚符。鍛冶の妖精ピリミラを召喚する。ピリカちゃんの姉。,0
196,D言語くん,0,3,514,108,-87,754,1289,1337 ,0.96 ,やっつけなビジュアルをしたプログラミング言語のマスコット。言語本体より有名。,0
197,てつのたて,0,2,113,972,-208,450,1327,1349 ,0.98 ,ここに来て現れる基本アイテム。やや重いがしっかり守れる安心装備。,0
198,望遠レンズ,0,3,453,138,412,218,1221,1361 ,0.90 ,ヤバい値段と重量をした大きなレンズ。砲身が白いやつは特にすごい。,0
199,ウルトラオレンジ,0,3,753,421,98,154,1426,1374 ,1.04 ,良く光る棒。マジでまぶしい。,0
200,セミのぬけがら,0,3,-753,716,537,893,1393,1386 ,1.00 ,しろこお気に入りの大物。,0
201,黒マテリア,0,3,443,8,713,112,1276,1399 ,0.91 ,ｸｯｸｯｸｯ…,0
202,ロングロングソード,0,1,1073,-342,453,413,1597,1411 ,1.13 ,Long_sword_is_long.　ながーいロングソード。,0
203,しろこドレス,2,2,784,893,109,432,2218,1424 ,1.56 ,ひらひら8割増しハイパーフリフリモードの純白ドレス。,0
204,花姫の剣,3,1,973,563,542,321,2399,1437 ,1.67 ,大胆可憐な剣花姫ご自慢の双剣。コネクト！ソードプリンセス！,0
205,隕鉄の鎧,0,2,153,863,29,312,1357,1449 ,0.94 ,隕石を打って作った鎧。,0
206,くろこ浴衣,2,2,287,673,996,142,2098,1462 ,1.43 ,くろこ用に仕立てられた黒地の浴衣。,0
207,サンドスター,1,3,513,109,864,253,1739,1475 ,1.18 ,当てられたものをメルヘンな感じに変化させる未解明の素材。ミノフスキー粒子みたいなもの。,0
208,クサナギソード,0,1,417,154,864,345,1780,1488 ,1.20 ,ワーオ！　ジャパニーズレジェンドソード！　バーニング　グラス！　クール！,0
209,霊符<プリズム>,2,3,178,884,663,234,1959,1501 ,1.31 ,霊力で動く式神の召喚符。燦鏡の妖精プリズムを召喚する。,
210,丸太,1,1,891,561,-250,0,1202,1514 ,0.79 ,でかした！吸血鬼戦の標準装備。,0
211,焼きおにぎり,0,4,-276,572,615,667,1578,1527 ,1.03 ,燃やしたおにぎり。まだ食べられる。,0
212,白タイツ,1,2,-109,1000,-286,994,1599,1540 ,1.04 ,おへそのあたりまですっぽりのあったか仕様。タイツだから大丈夫だもーん！,0
213,ご当地ストラップ,0,3,-97,576,861,176,1516,1553 ,0.98 ,町おこしの一環として作られた微妙なキャラデザの根付け。,0
214,オライリーの本,0,3,365,287,542,432,1626,1566 ,1.04 ,動物のスケッチが特徴的な技術本。見た目に反してそんなに難しくない。,0
215,金棒,0,1,991,231,213,98,1533,1579 ,0.97 ,ごついトゲトゲのついた鉄の棒。,0
216,空気砲,1,1,209,478,349,762,1798,1592 ,1.13 ,しろこ手作りの一カ所に丸い穴のあいたダンボール箱。バフッと叩いてまっすぐ煙を飛ばせるぞ！,0
217,紺のロングスカート,1,2,279,653,567,453,1952,1606 ,1.22 ,上品なお嬢様スカート。,0
218,NIC,0,3,413,489,514,276,1692,1619 ,1.05 ,蟹さんマークのネットワークカード。,0
219,クリスタルダガー,0,1,893,123,497,352,1865,1632 ,1.14 ,装飾の施された儀礼用の美しい短剣。,0
220,ビーチグラス,0,3,509,615,117,22,1263,1646 ,0.77 ,長い間砂に洗われて角の取れたガラス。,0
221,火炎放射器,1,1,1134,398,221,-19,1734,1659 ,1.05 ,火そのものではなく火のついた液体を投射している。汚物は消毒だー！,0
222,ウイングスター,1,3,189,451,-9,987,1618,1673 ,0.97 ,鳥類の翼を模した構造を持つ乗り物。なんか器用貧乏で弱い。,0
223,パインアメ,0,4,88,888,888,88,1952,1686 ,1.16 ,バリバリ噛み砕いて食べる伝統的なパイン味のアメ。業務用の大入り袋は壮観。,0
224,サーベルちゃん,3,1,456,610,980,817,2863,1700 ,1.68 ,刀身の歪曲した剣。　サンドスターの影響で人格を持った。,0
225,しまむらシャツ,0,2,986,674,-876,897,1681,1714 ,0.98 ,よくわからない英語の書いてある女児向けTシャツ。,0
226,おイモ,0,4,467,467,467,467,1868,1727 ,1.08 ,ふぉぉー！今夜はごちそうです！,0
227,ラビリングIII,1,1,-465,554,576,1287,1952,1741 ,1.12 ,ビリビリした輪っかを投げつけて攻撃する武器。麻痺攻撃は基本強い。,0
228,テーブル,2,2,453,2000,342,-452,2343,1755 ,1.34 ,特殊素材でできた非常に重く大きな盾。,0
229,ふわもこブーツ,1,2,450,450,450,450,1800,1769 ,1.02 ,大きなファーがかわいい冬物ブーツ。,0
230,水芸扇,0,1,912,23,762,110,1807,1783 ,1.01 ,女神の加護により念じるとてっぺんから水が溢れ出す扇子。,0
231,ダーツ,0,1,337,198,651,873,2059,1797 ,1.15 ,イカしたフォルムの最新モデル。,0
232,桜餅,0,4,392,662,712,9,1775,1811 ,0.98 ,塩漬けにした桜の葉を巻いてある甘めのおもち。手がべたべたする。,0
233,デスサイズ,1,1,1121,876,123,-4,2116,1825 ,1.16 ,刀身が身長に届くほどの大鎌。,0
234,裁き代行券,2,3,775,234,897,745,2651,1839 ,1.44 ,天使が降りてきて断罪してくれるチケット。11枚綴り。,0
235,血液の霊晶,1,3,922,-615,784,894,1985,1853 ,1.07 ,何者かの血液を霊力によって結晶化した鉱石。,0
236,まろ茶,0,3,613,613,613,34,1873,1867 ,1.00 ,たか子聞いているのかい！まろ茶を持ってきたまえ！,0
237,霊符<エクリテ>,2,3,811,913,453,674,2851,1882 ,1.52 ,霊力で動く式神の召喚符。　秩序の妖精エクリテを召喚する。,0
238,毛玉かんざし,0,3,6,-203,1342,763,1908,1896 ,1.01 ,ポワポワした白い毛玉のついたかんざし。,0
239,プラチナソード,0,1,453,1432,134,6,2025,1910 ,1.06 ,眩い白銀の剣。,0
240,ロマネスコ,0,4,659,0,451,751,1861,1925 ,0.97 ,見事にフラクタル状の構造をした野菜。,0
241,エクリテの令状,2,3,973,39,1008,783,2803,1939 ,1.45 ,日頃の行いが悪いと突き出されるエクリテからのお説教通知書。無視すると次の日に倍の枚数届く。,0
242,サポートビットΩ,2,2,-1008,1764,-674,2541,2623,1954 ,1.34 ,制御機構を失い、しろことくろこの霊力を食い尽くしてしまうサポートビットの廃棄試作品。,0
243,虹の欠片,0,3,500,480,400,480,1860,1968 ,0.94 ,虹の輝きを閉じ込めた破石。,0
244,魔鏡アフタヌス,1,3,0,1564,543,135,2242,1983 ,1.13 ,数多の邪悪をその身に映し、その身に怨念を籠もらせた魔鏡。,0
245,いちごパフェ,0,4,863,123,567,784,2337,1998 ,1.17 ,周りがごっついアイテム名になってきたのにシリアスと無縁な回復アイテム。店売りの薬より料理のが追加バフかかって強いんだもん…！実はしろこ手作り。,0
246,バナナクレープ,0,4,784,863,123,567,2337,2012 ,1.16 ,フルーツパーラーしろこの定番メニュー第二弾。固めのカスタードクリームが決め手。,0
247,ぶどうゼリー,0,4,567,784,863,123,2337,2027 ,1.15 ,フルーツパーラーしろこの最強メニュー第三弾。　皮ごと食べられるぶどうを上に乗せて出来上がり。,0
248,メロンケーキ,0,4,123,567,784,863,2337,2042 ,1.14 ,フルーツパーラーしろこの超絶ウルトラ激烈メニュー第四弾。甘みを抑えた生クリームでメロンの上品な甘さを引き出す自信作。,0
249,パティシエソード,3,1,361,452,1432,1003,3248,2057 ,1.58 ,実は料理スキルガン振りだったしろこの実力を最大限活かせる短めの片手剣。,0
250,羅針盤,0,3,176,1003,76,661,1916,2072 ,0.92 ,ルーレットじゃねーっつってんだろ！回すな！！！,0
251,ポイニードール,1,3,199,285,837,673,1994,2086 ,0.96 ,自ら砕けることで所持者の死を否定し、一度だけ命をつなぎ止める呪いのアイテム。倉庫送るの忘れてたアアア！もったいねえ！,0
252,トリプル赤こうら,1,1,1007,673,0,308,1988,2101 ,0.95 ,滑らせると前方の動体を追尾する習性のある不思議な構造体3つセット。,0
253,ビターくろこγ,2,2,1367,973,146,342,2828,2116 ,1.34 ,くろこ用に仕立てられた人気アニメのコスプレ衣装。製菓店で実力をつけたライバルキャラ仕様。,0
254,スイートしろこα,2,2,467,554,1008,785,2814,2132 ,1.32 ,しろこ用に仕立てられた人気アニメのコスプレ衣装。パティシエを目指す主人公がモデル。,0
255,X68000,0,3,100,1000,100,1000,2200,2147 ,1.02 ,古のポピュラーな計算機。えっちなゲームがたくさん動く。,0
256,レンズ豆,0,4,76,881,1000,8,1965,2162 ,0.91 ,レンズみたいな形の、レンズの語源となった豆。知名度が逆転したせいでややこしい。,0
257,星弓サジタリウス,3,1,1002,-6,1875,664,3535,2177 ,1.62 ,伝説の射手からかっぱらってきた巨大な弓。周囲の霊力を固体化した矢を打ち出すので元気がある限り無限に連射可能。,0
258,霊符<カリウス>,2,3,981,769,234,1005,2989,2192 ,1.36 ,霊力で動く式神の召喚符。活毒の妖精カリウスを召喚する。,0
259,トルネードポテト,0,4,581,236,884,452,2153,2208 ,0.98 ,一個のおイモを螺旋状にカットして揚げたおやつ。ふぉぉー！,0
260,霊雷針,0,1,1135,136,555,343,2169,2223 ,0.98 ,畳針に霊力を込めて作った投擲武器。,0
261,カイザーマント,1,2,3,1556,513,431,2503,2238 ,1.12 ,はためかせた時の音にこだわったこだわりマント。中二病ごっこにどうぞ。,0
262,ちょんまげ,0,2,199,999,182,753,2133,2254 ,0.95 ,忍者でござる！忍者で……拙者間違えた！　武士でござる！武士！！,0
263,ゴムチキン,0,3,1,442,773,663,1879,2269 ,0.83 ,おなかを押して凹ませるとプァーーーーーーーッと鳴くおもちゃ。並列実行するとたのしい。,0
264,しましまニーソ,2,2,665,896,276,1254,3091,2285 ,1.35 ,しま太めで脚のかたちが強調されるニーソ。ファンタジー世界の装備かと思ったら案外女児向けにあったりする。夢か。,0
265,スシ,0,4,384,-4,1542,234,2156,2301 ,0.94 ,お寿司だー！！！,0
266,リフレクトメイル,1,2,1009,1665,264,-563,2375,2316 ,1.03 ,光を反射する鎧。　…そう、反射するのは光だけ…ただピカピカなだけの鎧だ……,0
267,銀の大鐘,1,1,1345,779,13,342,2479,2332 ,1.06 ,巨大な銀製のベル。殴ってよし叩いて良し。りんごんりんごーん！,0
268,ディフューザー,0,3,376,653,807,367,2203,2348 ,0.94 ,湯気が出る機械。,0
269,菊一文字,0,1,1008,19,784,458,2269,2363 ,0.96 ,どこかで聞いたことある系の日本刀。実は一品ものというわけではない。,0
270,霊符<ピルス>,2,3,963,332,1009,888,3192,2379 ,1.34 ,霊力で動く式神の召喚符。　激昂の妖精ピルスを召喚する。,0
271,洩矢の鉄の輪,3,1,775,1263,993,663,3694,2395 ,1.54 ,取り付けられた鉄の部品をシャーーーーっと回転させて遊ぶおもちゃ。,0
272,ヘッドドレス,1,2,447,-5,995,1089,2526,2411 ,1.05 ,メイドさんの着けているヒラヒラ。ケモ耳と競合する。,0
273,封じられし熾天使,1,3,886,1345,6,452,2689,2427 ,1.11 ,封印を解くことができればドバーッて光が溢れ出して敵を殲滅してくれる。,0
274,民族衣装,0,2,19,228,665,1423,2335,2443 ,0.96 ,遠い民族の露出の多い儀礼用衣装。着る前におなかに模様を描く。,0
275,ラングドシャ,0,4,663,452,512,663,2290,2459 ,0.93 ,クッキーに似た焼き菓子。食感がﾗﾝｸﾞﾄﾞｼｬｯとしている。,0
276,萌芽の剣,1,1,563,-136,1864,764,3055,2475 ,1.23 ,生命の象徴の剣。地面に刺すと作物が良く育つようになる。,0
277,収奪の剣,1,1,1664,764,354,138,2920,2492 ,1.17 ,死の象徴の剣。地面に刺すとその土地の水が腐る。,0
278,ハイパートンカチ,0,1,1876,-600,-30,887,2133,2508 ,0.85 ,手に持つとなぜか縦にぶんぶん振り回したくなる危険なトンカチ。たまに頭が吹っ飛ぶのでさらに危ない。,0
279,クリームソーダ,0,4,-973,1321,1008,1008,2364,2524 ,0.94 ,メロンソーダの上に丸いアイスを載せた飲み物。,0
280,きぐるみパジャマ,1,2,997,772,198,785,2752,2540 ,1.08 ,電気ねずみのきぐるみパジャマ。着てうつらうつらすると揺れに合わせて耳がはねてかわいい。,0
281,ハルバード,0,1,1444,875,98,23,2440,2557 ,0.95 ,長い両手槍。頭が重いので速度が乗せやすい。,0
282,魔女帽,1,2,-342,675,974,1345,2652,2573 ,1.03 ,つばが大きく先の尖った三角帽子。多少よれている。,0
283,マグロディスク,0,4,513,1043,453,531,2540,2589 ,0.98 ,マグロミンチをフリスビー状に整形して凍らせたもの。,0
284,おふとん,0,2,1554,1553,-55,-23,3029,2606 ,1.16 ,もこもこ被る防具。圧倒的な快適性だ…!,0
285,ピリカラーメン,2,4,1008,276,876,1100,3260,2623 ,1.24 ,ピリカちゃん迷走の果てに塩ラーメンを極める。チャーシューは鶏肉派らしい。,0
286,エクリテはんこ,2,3,119,1435,895,992,3441,2639 ,1.30 ,エクリテにとっての最高評価である、手彫りの「たいへんよくできました」はんこ。,0
287,スケスケローブ,1,2,753,1276,15,777,2821,2656 ,1.06 ,光を通す素材のローブ。上から羽織って立体感を出すためのもの。,0
288,霊封ブレスレット,0,3,666,666,666,666,2664,2672 ,1.00 ,霊力を抑えるブレスレット。ここからは肉弾戦だ…!,0
289,霊符<チョウゼン>,2,3,1734,813,564,563,3674,2689 ,1.37 ,霊力で動く式神の召喚符。ヨガの妖精チョウゼンを召喚する。,0
290,業,3,1,1224,213,1998,875,4310,2706 ,1.59 ,罪人の業を抽出し、概念を剣とした魔剣。,0
291,ピリミラブレイド,2,1,1250,659,875,675,3459,2723 ,1.27 ,ピリミラさんの打った長剣。お姉ちゃんらしい素直な作りで使いやすい。,0
292,くまのり,0,3,-764,-664,1996,1654,2222,2740 ,0.81 ,キーボードのHJKLキーを眺めてごらん…,0
293,旧型スクール水着,2,2,896,1119,7,1346,3368,2757 ,1.22 ,おなかの下のあたりに水を抜く機構を持った、厚手の水着。,0
294,苦花,0,3,1000,874,1000,-443,2431,2773 ,0.88 ,所持者が倒れるまで命の一部を代償に妖精を産み出す機関。,0
295,ピリカライトニング,2,1,463,568,2008,674,3713,2790 ,1.33 ,ピリカちゃん新作のSFめいた光剣。振るときの効果音にこだわり抜いた映画ファン泣かせの逸品。,0
296,霊蔵庫,0,3,465,897,345,983,2690,2808 ,0.96 ,電力なしにひんやりできる不思議な櫃。ふしぎー！,0
297,サポビスーツ,2,2,-1009,3423,-1764,2998,3648,2825 ,1.29 ,サポートビット技術を転用して衣服の防御力を高めてみました！電源をとっさに切れないのでため霊力切れ間際で吸い尽くされて危ない。,0
298,スターフェ,1,4,864,782,996,443,3085,2842 ,1.09 ,星を象ったパフェ。,0
299,ヒスイの排撃原理,1,3,556,1143,1000,984,3683,2859 ,1.29 ,開くと本の内容が現実に投影される魔法の本。,0
300,蓬莱の玉の枝,0,3,441,432,1432,776,3081,2876 ,1.07 ,宝玉を実らせるすごい木の枝を折ってきました。罰当たりってレベルじゃねえ！,0
301,新聞紙ブレード,0,1,1,674,1111,895,2681,2893 ,0.93 ,新聞紙を丸めて作った紙の剣。,0
302,霊符<リリアン>,2,3,999,999,999,999,3996,2911 ,1.37 ,霊力で動く式神の召喚符。吸精の妖精リリアンを召喚する。,0
303,バスタオル,0,2,298,885,1034,543,2760,2928 ,0.94 ,これ防具カテゴリなの！？これ一枚巻いて戦えと！？,0
304,鰹節,0,4,444,666,888,1000,2998,2946 ,1.02 ,黴を活用して徹底的に乾燥させた鰹。表面を削ると透き通っており美しい。,0
305,地下道マップ,0,3,889,-100,342,1478,2609,2963 ,0.88 ,アスモネア地下道の複雑な構造を緻密に描いた地図。現在地がわからないので意味がない。,0
306,トールハンマー,2,1,1437,1763,223,564,3987,2981 ,1.34 ,雷神の鎚をピリカちゃんが打ち直しました。「せっかくだから極振りっぽいステのがいいとおもったっス！」やりすぎだよ！,0
307,わざマシン13,0,3,908,490,2,1112,2512,2998 ,0.84 ,れいとうビームが打てるようになる。便利ー！,0
308,花冠,0,2,894,908,784,1009,3595,3016 ,1.19 ,シロツメクサの花を編んで作った冠。,0
309,音撃スマッシュ,1,1,1998,1542,-672,994,3862,3033 ,1.27 ,打面に特殊な加工を行い、直撃すると大音量で副次的な攻撃を行うハンマー。,0
310,ガツンとみかん,0,4,554,-983,1456,1982,3009,3051 ,0.99 ,みかんがゴロゴロ入っているアイスバー。なんで溶けてないの…？,0
311,ダブル霊符スロット,0,3,808,982,321,991,3102,3069 ,1.01 ,霊符を二枚同時にセットできる腕輪。特に意味はない。,0
312,鏑矢,0,1,203,109,1437,1321,3070,3087 ,0.99 ,放つと大きな音をたてる矢。,0
313,ネコミミ偽ニーソ,1,2,165,2093,674,884,3816,3104 ,1.23 ,ニーソ丈の部分で生地の色を変え、ニーソっぽく見えるようにしたタイツ。まあこれはこれで…,0
314,霊珠リング,0,3,783,784,785,786,3138,3122 ,1.01 ,小さな灯火の霊珠をはめ込んだ指輪。わずかに霊力を放出し続けており、身につけると元気が出てくる。,0
315,鋳鉄の剣,0,1,556,1097,289,784,2726,3140 ,0.87 ,鋳型に流し込み整形したままの剣。刃はついていないので、打撃武器としてしか使えない。,0
316,ワンピ水着,1,2,571,446,1098,1784,3899,3158 ,1.23 ,よっしゃー水着なのに体型隠せるぞ！,0
317,禍槍デモルニクス,0,1,5,1298,997,575,2875,3176 ,0.91 ,観光地土産の槍キーホルダー。,0
318,レモン,0,4,494,3,1873,998,3368,3194 ,1.05 ,んんー…生レモンそのままかぁー…,0
319,ビキニアーマー,1,2,1784,-998,1432,2009,4227,3212 ,1.32 ,ファンタジー防具の極み。恥ずかしさ補正で全部避けきってやんよ！,0
320,マサカリ,0,1,1408,1234,-600,1008,3050,3231 ,0.94 ,手投げ斧の一種。この分野素人なのでわからないんですが…から始まる一連のコンボが強い。,0
321,ピリカシルバー,2,3,1264,1,1453,1775,4493,3249 ,1.38 ,ピリカが趣味で銀を叩いて作ったアクセサリー。気に入ったのでSNSに写真を投稿したが、カメラがヘタクソすぎて評価されない。,0
322,チキンナイフ,2,1,1432,443,44,2653,4572,3267 ,1.40 ,逃走を極めたものに贈られる栄誉のナイフ。,0
323,カカポ,3,2,1332,1221,1009,1775,5337,3285 ,1.62 ,絶滅危惧種の鳥。しろこの頭に乗っかってきたのでまあギリ防具かな…と連れて行っている。,0
324,いちごスプーン,0,3,665,665,1023,1023,3376,3304 ,1.02 ,イチゴを食べるための専用スプーン。先が割れてて刺せるようになっていたり、身を潰せるように背が平らになっていたりする。,0
325,永劫,1,1,1003,1442,649,224,3318,3322 ,1.00 ,遺跡から出土したが全く錆びていないオーパーツ刀。,0
326,霊符<アーク>,2,3,1553,1008,1333,1333,5227,3340 ,1.56 ,霊力で動く式神の召喚符。霊灯の妖精アークを召喚する。,0
327,鎖鎌,0,1,-77,2008,1111,229,3271,3359 ,0.97 ,分銅と鎌が鎖でつながれた武器。,0
328,ニャンニャンパウダ,0,3,250,1113,884,1337,3584,3377 ,1.06 ,霊力補給のできる怪しい粉。,0
329,エプロン,1,2,1000,900,800,700,3400,3396 ,1.00 ,フルーツパーラーしろこの戦闘服。着せてあげると背筋が伸びてソワソワしだす。職業病だ！,0
330,ジャージ,1,2,700,800,900,1000,3400,3414 ,1.00 ,フルーツイーターくろこの部屋着。無言でモリモリ食べるがおいしいものを食べると露骨に表情に出るので食わせがいがある。,0
331,蓬莱人形,3,1,514,1665,2223,1334,5736,3433 ,1.67 ,アリスお気に入り人形の一体。爆発する。ﾎﾗｰｲﾎﾗｰｲ！,0
332,ビッグドッグ,1,3,1436,864,443,1113,3856,3452 ,1.12 ,自立稼働する大型犬型ロボット。蹴っても倒れないバランス感覚を買われ二人の乗り物に。,0
333,ポケットティッシュ,0,3,554,997,99,1664,3314,3471 ,0.95 ,パチンコ屋のチラシが挟まっている。,0
334,妖路歴程,3,3,553,1334,2331,1443,5661,3489 ,1.62 ,魂を持つ本。声帯を持たないが魂でなんとなーく意志を伝えることができる。,0
335,吹き矢,0,1,1775,1232,100,44,3151,3508 ,0.90 ,意外と正確に飛ばせる武器。先端に毒を塗るエグさが魅力。,0
336,パブロ,1,1,1665,23,1665,23,3376,3527 ,0.96 ,ｼｬｰｰｰｰｰﾍﾟﾍﾟﾍﾟﾍﾟ　ｼｬｰｰｰｰｰｰｰｰｰｰｰｰﾍﾟﾍﾟﾍﾟﾍﾟﾍﾟﾍﾟﾍﾟﾍﾟ,0
337,アンダースコート,2,2,1998,1000,667,1554,5219,3546 ,1.47 ,見せていいぱんつ。見せてはいけないぱんつとの違いはいったい…,0
338,霊符<パール>,2,3,1234,1234,1234,1234,4936,3565 ,1.38 ,霊力で動く式神の召喚符。　漁火の妖精パールを召喚する。　,0
339,アイスブレード,0,1,1223,-5,1998,445,3661,3584 ,1.02 ,ねんがんの……なんか違うぞコレ！パチモノだ！,0
340,ほうれん草ちゃん,1,3,2000,1166,-600,1334,3900,3603 ,1.08 ,空母の強襲に耐えつつがんばってほうれん草を栽培する艦娘の装備。,0
341,バブルチェーン,1,3,-223,2003,-7,1998,3771,3622 ,1.04 ,体力常時二倍のインチキアクセサリー。もうこいつだけあればいいんじゃねえかな…,0
342,革の首輪,0,2,345,456,678,1886,3365,3641 ,0.92 ,本革を打って作ったリードつきの赤い首輪。背徳感ばつぐん。,0
343,マシュマロン,1,3,556,2560,1233,50,4399,3660 ,1.20 ,物理無効カウンター付きのやわらかオブジェクト。,0
344,ゲームキューブ,0,1,1551,1008,1344,10,3913,3680 ,1.06 ,家庭用ゲームハードバトルで間違いなく最強の持ち手つき鈍器。,0
345,まねきスフィンクス,0,3,106,1008,1331,1002,3447,3699 ,0.93 ,多国籍対応おみやげ。地下道でよくpopする名物アイテム。,0
346,指ぬきグローブ,0,2,500,221,1234,1998,3953,3718 ,1.06 ,なんだろう…確実にダサいのに着けずにはいられない…　ガイアが私にもっと輝けと囁いているんだ…！,0
347,魂乗るフラン,2,3,1234,1234,1234,1234,4936,3738 ,1.32 ,実体化した霊気にちまっこい妖精が乗っかっている。　...こいつ妖精じゃないぞ...？,0
348,テヌカミの指輪,1,2,901,1221,891,1008,4021,3757 ,1.07 ,土の神の加護が得られる指輪。,0
349,ビーチボール,0,1,2221,609,40,1331,4201,3776 ,1.11 ,パンパンに空気を入れてあるので失速しない距離なら木だってなぎ倒せる。ジェクトシュート決めてやんよ！,0
350,さすまた,0,1,984,1661,666,301,3612,3796 ,0.95 ,Yの字の両股で相手を挟み込み封じ込める武器。一度挟まると構造的に力が入れづらく割と効果的。,0
351,営業許可書,0,3,406,201,2001,1555,4163,3816 ,1.09 ,しろこが取得した。冒険やめるー！,0
352,ペンシルロケット20,2,1,2443,309,2318,506,5576,3835 ,1.45 ,一発でもそこそこ強いペンシルロケットを20連射！単純に20倍のダメージが出て敵は死ぬ。ちゅどどどどどどーん！,0
353,ナユタの実,1,4,1005,506,1009,1773,4293,3855 ,1.11 ,瑞々しい桃に似た果実。ひとつでおなかいっぱいになる大満足サイズ。,0
354,霊符<エア>,2,3,1553,1008,1221,1764,5546,3874 ,1.43 ,霊力で動く式神の召喚符。大気の妖精エアを召喚する。,0
355,トランプ,0,1,777,777,1777,777,4108,3894 ,1.05 ,…これ投げて戦うの？強いとか以前に恥ずかしすぎない？コレで戦ってカッコいいって相当なキャラだよ？,0
356,ティミーアーマー,3,2,608,2481,408,2997,6494,3914 ,1.66 ,全滅回数に応じて少しずつ安くなる救済アーマー。すこし獣臭い。,0
357,アワーグラス,1,3,807,1331,1442,917,4497,3934 ,1.14 ,砕くと周囲の時をしばらくの間停止させる硝子の小瓶。,0
358,ニトログリセリン,0,3,1997,1664,-98,309,3872,3954 ,0.98 ,よく爆発する液体。アイテムポーチに入れたくねえ…！,0
359,エアブレード,2,1,1773,1087,1552,806,5218,3973 ,1.31 ,エアさんが頑張るというので大気を圧縮して作ってもらった剣。所持者の霊力である程度形が操作可能なため間合いを計られない。,0
360,甘食,0,4,406,1331,199,2003,3939,3993 ,0.99 ,横から見るとヘタれた正規分布関数みたいな形をしている焼き菓子。口の中パッサパサ族。,0
361,封界纏,2,2,555,2008,907,2665,6135,4013 ,1.53 ,内側を顕界、外側を霊界と捉え、顕界の出来事＝物理ダメージを完全にシャットアウトする和服。,0
362,ゴツゴツメット,0,2,1997,1815,100,-30,3882,4033 ,0.96 ,つつかれるとカウンターでダメージを与える兜。,0
363,夢想封印,3,1,1221,1133,2209,2009,6572,4054 ,1.62 ,博霊の巫女のスペルカード。回避不能な霊力の塊を射出する。,0
364,呼応槌,1,1,1735,1553,40,1774,5102,4074 ,1.25 ,封界纏に対応する槌。外界からウチの世界に呼び掛け境界を曖昧にし、強制的に物理の世界に引っ張り出す。,0
365,エクリテの裁刀,2,1,553,1441,1899,1979,5872,4094 ,1.43 ,エクリテさんが絶対に抜かないと決めている断罪刀。,0
366,抹茶パフェ,1,4,400,1131,10,3091,4632,4114 ,1.13 ,パティシエしろこ定番を攻める。しらたまマシマシ。,0
367,馬,0,3,999,999,1111,1000,4109,4134 ,0.99 ,わははは探索めっちゃ捗るー！……一人しか乗れねえ……,0
368,霊盾ホロウ,3,2,200,3753,141,1331,5425,4155 ,1.31 ,神より賜いし霊気に満ちた盾。接触者の霊力を半無限に供給する。,0
369,まきびしたん,0,3,1414,1008,398,1414,4234,4175 ,1.01 ,自発的に刺さりに特攻する生きたまきびし。やめてまきちゃん止めて！,0
370,グリセルブランド,1,1,0,2000,3000,0,5000,4195 ,1.19 ,命を代償に無限の知識を授ける悪魔。　でも代償の命は2ターンくらい経つと利子付きで還ってくる。出し得悪魔…！,0
371,音の鳴る靴,0,2,-813,1231,1998,1771,4187,4216 ,0.99 ,一歩ごとにピッピコピッピコ鳴る靴。,0
372,あじ,0,4,1313,19,-5,2775,4102,4236 ,0.97 ,さっぱりした味の鮮魚。　今夜は刺身じゃー！,0
373,ゲイボルグ,1,1,2443,817,1010,409,4679,4257 ,1.10 ,大型気象兵器の操作端末。任意の区域に氷柱の雨を降らせる。,0
374,霊符<リリー>,2,3,1114,908,1674,1873,5569,4277 ,1.30 ,霊力で動く式神の召喚符。春風の妖精リリーを召喚する。,0
375,バブ,0,3,1331,1001,1615,231,4178,4298 ,0.97 ,シュワシュワする入浴剤。手に乗せてジワジワさせるのがくろこの趣味。,0
376,シュヴァリエソード,1,1,1876,1009,1019,1445,5349,4319 ,1.24 ,騎士の栄誉は揺るが... やめておこう,0
377,グレートネコミミ,0,2,450,780,1312,1765,4307,4339 ,0.99 ,金色に輝く高級ねこみみ。重くて首が痛い...,0
378,カツ丼,0,4,1764,1300,761,443,4268,4360 ,0.98 ,おれたちはカツ食べに来た...!　ソースカツしかないっしょ...!,0
379,蛇の卵,0,3,1009,801,1331,917,4058,4381 ,0.93 ,うわっ…やわらかい…うう……,0
380,カステラ,0,4,886,1886,887,1008,4667,4402 ,1.06 ,卵をたっぷり使ったあまあまカステラ。渋めのお茶とどうぞ。,0
381,赤白帽子,0,2,209,2331,2131,9,4680,4422 ,1.06 ,縦に被ってうーるとらま……耳がじゃま…これだから帽子系アイテムは…,0
382,ピリーズの双剣,2,1,1337,1101,1998,1984,6420,4443 ,1.44 ,ピリカちゃんピリミラさんが同じ素材で打った双剣。ピリカちゃん作のほうが少し細長い。,0
383,らんらん,1,3,1600,1313,900,800,4613,4464 ,1.03 ,出荷された豚。食材カテゴリ…なので食えるはず…？　そんなー,0
384,赤色物質,1,3,3019,139,2776,-1010,4924,4485 ,1.10 ,一滴放り込むだけでそこにブラックホールを生み出す非常に質量の高い不安定な物質。構成は不明。,0
385,五本指ソックス,0,2,1008,2003,5,1441,4457,4506 ,0.99 ,足指の形に合わせて縫製した靴下。んんー！なんか！足ソワソワする！！,0
386,刺身包丁,1,1,2448,1080,1312,3,4843,4527 ,1.07 ,おれみたいに素質も才能もないものはこうするしか方法はないんだ…！,0
387,イスラーフィール,2,2,1500,1500,1500,1500,6000,4549 ,1.32 ,絶対的な耐久性能を誇る不沈艦。,0
388,ジャパリコイン,2,3,1453,1009,2001,2030,6493,4570 ,1.42 ,異世界で使われていた古いコイン。　ハァッ！ｳﾞｫｵーﾎｫーﾊｧーﾊｧ゛ー！！,0
389,隔世の杖,0,1,1886,2611,335,10,4842,4591 ,1.05 ,純粋な霊力でできた杖。先端を削って火にくべると火柱が立つ。,0
390,マナプリズム,1,3,-473,1080,3112,1441,5160,4612 ,1.12 ,各所でもらえるアボガドの角切り。,0
391,エクスカリパー,0,1,10,1113,1400,1998,4521,4634 ,0.98 ,有名なパチモノソード。ダメージは大したことないが堂々とした見た目から威圧感はある。抜かなければバレない約束された勝利の剣。,0
392,フランクフルト,0,4,1765,1020,401,1313,4499,4655 ,0.97 ,パティシエしろこ主食シリーズ実験作。ソーセージまで自作とこだわりを見せる。,0
393,フランベルジェ,0,1,1451,442,1312,1513,4718,4676 ,1.01 ,刀身がなみなみした剣。…の総称。そう、総称なのだ。これは武器名日本刀みたいなもので…つまりは何の伝説もないふつうの剣だ……,0
394,フランボワーズ,0,4,1001,1615,1418,714,4748,4698 ,1.01 ,「これラズベリーを洒落てフランス語？で言ってるだけでー、珍しい果物とかじゃぜんぜんないんですよー！だからね？ポーチに入れずにそのままケーキに…」「ダメだよ」,0
395,フランスパン,0,1,2007,563,778,1774,5122,4719 ,1.09 ,あーこれは武器！武器だね！どうでもよくなってきたからフランスパンで殴ろー！,0
396,フランちゃん,3,3,2764,2009,817,1654,7244,4741 ,1.53 ,悪魔の妹が式神として新登場！プチサイズレバ剣も持参して殺る気満々だ！,0
397,ソフラン,0,3,333,1333,1767,1332,4765,4762 ,1.00 ,働くしろこ支援アイテム。…洗濯機なくない……？,0
398,霊符<アラーズ>,2,3,203,3014,-917,4014,6314,4784 ,1.32 ,霊力で動く式神の召喚符。精糖の妖精アラーズを召喚する。,0
399,霊風の短剣,1,1,1565,13,1773,1874,5225,4806 ,1.09 ,風の式神の加護を受けた短剣。,0
400,バックラー,0,2,807,3412,-1000,1312,4531,4827 ,0.94 ,円形の小型盾。これでちゃんと防げるんだろうか…,0
401,ガチャチケット,0,3,1008,1317,1445,448,4218,4849 ,0.87 ,うわーおみくじ引けんのコレ！？……あっ…別ゲーのが流れ着いただけじゃん…,0
402,肉球グローブ,1,1,350,2314,1998,908,5570,4871 ,1.14 ,攻撃ヒットSEが切り替わるネタ武器。ﾓｯｷｭﾓｯｷｭ言うようになる。,0
403,ペンタブレット,0,2,1313,1313,1313,1313,5252,4893 ,1.07 ,高性能なおぼん。おぼんなので攻撃を防げる。,0
404,冷凍マグロ,2,1,2519,1551,1312,1443,6825,4915 ,1.39 ,高い硬度としなりを兼ね備え、ガリガリ削れる機構まで用意した殺意の高い大剣。一本100万はくだらない。,0
405,白の盾,1,2,1000,1300,1600,1900,5800,4936 ,1.17 ,まばゆく光る大盾。しろこ用と思いきやくろこが興味を示す。,0
406,黒の盾,1,2,1300,1900,1600,1000,5800,4958 ,1.17 ,吸い込まれるように昏い大盾。光をガンガン吸って熱を持つ。,0
407,パセリ,0,4,176,1713,297,2312,4498,4980 ,0.90 ,にがい草。見栄えのためだけにしろこは鉢で育てるようだ。,0
408,天創の基石,2,3,1345,3000,4,2300,6649,5003 ,1.33 ,定礎と書かれた古の石盤。巨大構築物の近くで多数出土しており、何か魔術的な効力を発揮していたとみられている。,0
409,サークレット,0,2,1090,1786,2018,9,4903,5025 ,0.98 ,装飾を抑えた冠。くろこの被り物の下に…載せるとなにがなんだか…,0
410,クラレント,3,1,6113,-2131,5513,-908,8587,5047 ,1.70 ,まばゆく輝きを放つが魔剣。いろんな作品で少しずつ活躍する。,0
411,しなれ魔女帽,1,2,1451,2009,412,1771,5643,5069 ,1.11 ,低スペック魔女のかぶるヘタレた帽子。被っているだけで気力が下がっ,0
412,カプリコーン,1,1,2331,1312,341,1514,5498,5091 ,1.08 ,山羊座の名前を冠するランサーの愛した槍。刃が十字型になっている。,0
413,メーラ,0,4,1123,413,1554,2314,5404,5113 ,1.06 ,メロンソーダとコーラを1:1でミックスした最強の砂糖水。熱狂的なファンがいる。,0
414,エクリテの銀弓,2,1,1800,2100,2700,1400,8000,5136 ,1.56 ,エクリテさんに恋をした人間が捧げた細身の弓。オリジナルはエクリテさん家に大切に飾ってある。,0
415,霊糸のミサンガ,0,2,615,1510,2615,0,4740,5158 ,0.92 ,霊力を編み込んだ紐で作ったミサンガ。握りしめるとすこしだけひんやり。,0
416,ソンブレロ,0,2,1009,1817,200,2413,5439,5180 ,1.05 ,スペインとか、メキシコとか、その辺のイメージの高くてつばの大きい帽子。,0
417,手作りカレー,0,4,1001,1519,900,2314,5734,5203 ,1.10 ,パティシエしろこに対抗心が湧いたくろこだが大したものを作れないので無難にカレーにしました。無難に美味しい。,0
418,ドライカレー,0,4,2314,1001,1519,900,5734,5225 ,1.10 ,くろこカレー第二弾。クックパッドで手作りカレーのレシピを探しても変なカレーしか出て来なくて疲れたところで目に留まったのでメモだけしておいたもの。,0
419,カレーうどん,0,4,900,2314,1001,1519,5734,5248 ,1.09 ,くろこカレー三日目。麺はしろこに打ってもらって合作。,0
420,スープカレー,0,4,1519,900,2314,1001,5734,5270 ,1.09 ,くろこカレー絶望の四日目。「もうそろそろカレーいいんじゃないかな！？和食作るよ！？」「カレーを.......極める......!」,0
421,からしちゃん,0,4,403,1221,2311,1312,5247,5293 ,0.99 ,しゅうまい君についてきたおまけ。「しゅまい何いってんの」「しゅまいどうした」「しゅまい」「しゅまい…」,0
422,ラストエリクサー,1,3,112,2489,139,2113,4853,5316 ,0.91 ,くろこに持たせるとすぐ使うのでしろこがしっかりしっかりと保管している。　...でそれいつ飲むんです？,0
423,ナーフ,0,1,1999,2554,706,332,5591,5338 ,1.05 ,かっこいいおもちゃガン。変形とかもする。,0
424,カタリーナ,0,3,1111,405,1332,3009,5857,5361 ,1.09 ,味方の傷を癒す半自動人形。,0
425,みみかき,0,3,312,99,3110,2315,5836,5384 ,1.08 ,しろこの耳で試そうとするも「超怖い」と爆速で逃亡される。,0
426,エクスカリバー,3,1,2514,1678,2716,2614,9522,5407 ,1.76 ,ついに出ました本物の最強剣！　…しかしノーブルファンタズムは魔力ベースの技らしい。二人にはただの伝説の剣でしかなかった…,0
427,霊符<ルナ>,2,3,1667,2500,1667,1667,7501,5430 ,1.38 ,霊力で動く式神の召喚符。月光の妖精ルナを召喚する。,0
428,りんごのパンケーキ,0,4,0,0,2700,3100,5800,5453 ,1.06 ,しろこパティシエシリーズ渾身の復帰作となる第五弾。ほかほかパンケーキと冷凍薄切りりんごの温度差を楽しむ一品。,0
429,くろスーツ,2,2,2661,1919,1413,2110,8103,5475 ,1.48 ,くろこの普段着。動きやすくよく風を通す。着やすさがよっぽど気に入ったのか着たまま寝る。しろこは怒る。,0
430,しろワンピ,2,2,1919,1413,2110,2661,8103,5498 ,1.47 ,しろこの普段着。多少寒くても意地で着るのでよくお腹を壊す。,0
431,苗木トークン,0,3,1318,515,2413,987,5233,5522 ,0.95 ,大量に召喚されたマンドラゴラ。居住だ！数で攻めろ！,0
432,屏風の虎,0,3,3009,-9,3412,-109,6303,5545 ,1.14 ,召喚符の一種。出てこいと言われたので出てきたら大騒ぎに。,0
433,消せるボールペン,0,3,1008,2003,1009,2003,6023,5568 ,1.08 ,「すごいよくろこドライヤーでほんとに消えた！これで全部ボールペンで漫画かけるね」「…真っ白になってるけどペン入れしたの？」「え」,0
434,麻婆春雨,1,4,3333,-500,1798,1000,5631,5591 ,1.01 ,辛口を注文したらとんでもないものが出てきてしまいました……これ人間が食べられるんでしょうか…うう…もう水の味わかんにゃい…,0
435,最強の盾,2,2,4008,1,3975,1,7985,5614 ,1.42 ,最強の盾とは所有者を絶対に傷つけないもの。先に敵が死ねば傷つくことはないのだ。もうこれは方向転換するしかねえ時代は先手ワンパンだ！,0
436,最強の矛,2,1,1775,2019,2019,2019,7832,5637 ,1.39 ,最強の盾を貫く最強を上回る最強中の最強を極めた最強の矛。最強ったら最強なんだから！初見入手難度も最強。,0
437,紅茶,1,4,1200,2241,1313,2716,7470,5661 ,1.32 ,「しろこは紅茶入れるとき紅茶が飲みたいネーとねぇなんに飲むぅ？のどっちが頭よぎる？」「なんの話してるの？」,0
438,次元交差理論,0,3,9,9,3312,2514,5844,5684 ,1.03 ,霊力による空間の歪みとそこに生まれる次元の裂け目について論じられた論文。,0
439,やきとり串,0,1,1008,2626,2314,551,6499,5707 ,1.14 ,やきとり用の竹串。,0
440,バトルドレス,1,2,1000,1773,1312,1887,5972,5731 ,1.04 ,戦闘用に動きやすく作ってあるひらひらドレス。内側はスパッツなので見えても安心。,0
441,釘宮ウイルス,2,3,1999,999,2999,999,6996,5754 ,1.22 ,ツンデレ少女が主なキャリアの経耳感染性ウイルス。治療は困難だが特に実害はない。,0
442,もちもちワッフル,0,4,1200,1600,2000,2400,7200,5778 ,1.25 ,しろこパティシエシリーズ第六弾はフルーツからちょっと離れてワッフルです。焼きたてですよー！,0
443,女神の服,1,2,671,2737,2412,800,6620,5801 ,1.14 ,ひらひらタオルを巻いてあるかのような作りの一枚布の服。,0
444,霊符<サファイア>,2,3,1412,1876,2213,2766,8267,5825 ,1.42 ,霊力で動く式神の召喚符。蒼玉の妖精サファイアを召喚する。,0
445,おもしろアイマスク,0,2,1919,1000,5,2929,5853,5849 ,1.00 ,「つっこむぞ つかまれッ！」の表情が描かれたアイマスク。,0
446,ブーストハンマー,0,1,2999,1399,999,1199,6596,5872 ,1.12 ,ロケットエンジン付きの高火力ハンマー。これ手に持つ必要ある？,0
447,太陽の杖,1,1,500,2716,1600,2131,6947,5896 ,1.18 ,日輪の加護をうけて聖なる武器となった杖。,0
448,霊符<ミカン>,2,3,2828,187,1412,3121,7548,5920 ,1.28 ,霊力で動く式神の召喚符。柑橘の妖精ミカンを召喚する。,0
449,カレーチャーハン,0,4,1400,2626,1411,809,6246,5944 ,1.05 ,日を改めてくろこカレー第五弾。細かく切った具材とごはんをカレー粉であじつけ。好評。,0
450,コック帽,0,2,7,2001,1615,2009,5632,5967 ,0.94 ,しろこ「耳が蒸れるっっっっっ！！！」,0
451,サードアイ,0,3,1231,203,2323,2424,6181,5991 ,1.03 ,心を読む第三の目。磁力でふわふわ浮く。,0
452,ロンギヌスのやり,3,1,1008,1664,4109,3128,9909,6015 ,1.65 ,刺した相手が相手なだけに神聖さがエンチャントされ聖槍となった槍。,0
453,大地の鎧,3,2,3,4013,1765,3518,9299,6039 ,1.54 ,外にほっぽりだしていたら適度に錆びて風格が出たかっこいい鎧。,0
454,小悪魔カチューシャ,1,2,2312,103,2626,3715,8756,6063 ,1.44 ,両端にこうもりの羽型の飾りの付いたカチューシャ。,0
455,スーパーチアリー,0,3,1000,1500,2000,2500,7000,6087 ,1.15 ,ヘブリディーズから迷い込んできた食用経験値妖精。スパチーと呼んであげて。,0
456,みかんジュース,0,4,80,96,2716,2419,5311,6111 ,0.87 ,ミカンさんが生成したみかんを手絞りでいただくみかんジュース。濃いっ！,0
457,ヤツメウナギ,0,4,3,2716,2419,99,5237,6135 ,0.85 ,うなぎっぽい見た目だが分類的には魚ですらないいきもの。蒲焼きはそこそこおいしい。,0
458,働いたら負けT,0,2,3014,3312,3,8,6337,6160 ,1.03 ,「働いたら負け」とでかでか印刷されているTシャツ。...着たらむしろ負けでは？,0
459,カラーひよこ,0,3,2828,4,98,3019,5949,6184 ,0.96 ,しろこが洗ったらノーマルひよこになった。,0
460,麺棒,1,1,3412,87,2762,107,6368,6208 ,1.03 ,パティシエしろこのお気に入り武器。伸せー！伸してしまえー！,0
461,金の懐中時計,0,3,142,3552,5,2615,6314,6232 ,1.01 ,ゼンマイで動く精巧な時計。秒針もピッタリの角度で動く。,0
462,通行止め標識,0,1,2998,1018,1312,1210,6538,6257 ,1.04 ,面で叩けるので実質ハンマー。べちーんべちーん！,0
463,霊符<シール>,2,3,1411,3761,2029,2081,9282,6281 ,1.48 ,霊力で動く式神の召喚符。封魔の妖精シールを召喚する。,0
464,ふつうのカレー,0,4,1500,1500,1500,1500,6000,6306 ,0.95 ,くろこカレー第六弾。そう、隠し味なんか入れずレシピ通りに作るのが一番美味しい作り方なんだ...!,0
465,サンタ帽,1,2,604,1314,3187,1413,6518,6330 ,1.03 ,赤色三角帽に白いもこもこをあしらった帽子。下がビキニとかでもこれつければとりあえずサンタ。,0
466,米俵,0,1,1881,1414,1881,1414,6590,6355 ,1.04 ,これも...一応鈍器っぽく使えるしハンマー...なのか...?　農夫が担ぐとビームとか出せます。,0
467,羽飾りの靴,1,2,1771,1876,1449,2886,7982,6379 ,1.25 ,左右に白い羽根を飾ったおしゃれな靴。普段から空でも飛んでないとすぐ汚れちゃわない...?,0
468,究極のパフェ,2,4,2311,2871,2121,2418,9721,6404 ,1.52 ,しろパ最終奥義第七弾。コーンフレークで下段の容量を稼いだりしないフルーツ大盤振る舞いの豪快パフェ。高さ25cm。,0
469,呪いの水晶球,0,3,1009,4,3127,2412,6552,6429 ,1.02 ,中心部分で昏い色のもやがうごめいている水晶玉。いったい何したらこんなことになるの...,0
470,月華,1,1,2302,309,1764,3561,7936,6453 ,1.23 ,鮮やかな刃紋を持つカタナ。,0
471,やきいも,0,4,1300,986,2929,1773,6988,6478 ,1.08 ,おイモを焼いただけ、そうただ焼いただけ...なのですが！なんでしょうこのときめき！,0
472,はじめての魔杖,0,1,9,1994,2030,1789,5822,6503 ,0.90 ,<はじめてのスタッフ>と読む。　...初期武器だ！？,0
473,クラレンぽよ,3,1,4719,817,4113,1090,10739,6528 ,1.65 ,やわらか素材のクラレント。やわらかいのでオリジナルよりもだいぶ扱いやすい。,0
474,馬のかぶりもの,0,2,2438,2087,1421,800,6746,6552 ,1.03 ,リアルな馬の頭をかたどったパーティーグッズ。内側は容赦なくゴム臭い。,0
475,デジタルメガフレア,0,3,1717,1414,1717,1414,6262,6577 ,0.95 ,名前のインフレが激しい農薬界でもトップクラスの破壊力を持つ一品。,0
476,ルナローブ,2,2,1090,2726,1701,3997,9514,6602 ,1.44 ,月光を編み込み、妖精ルナの霊力で物質化したローブ。暗い部屋でぼんやり光るので落ち着かない。,0
477,ツインブレイド,0,1,3838,1234,1976,120,7168,6627 ,1.08 ,中央で2つに分かれて二刀流モードにすることのできるカタナ。,0
478,エビフライ,1,4,1111,2564,886,2761,7322,6652 ,1.10 ,あげたて。揚がったそばからくろこがモリモリ食っていくのでしろこは自分で作っといてなかなか食べられない。,0
479,ダークソウル,1,3,1883,1514,1983,1209,6589,6677 ,0.99 ,くろこお気に入りゲーム。失敗したらちゃんと殺してくるのが良いらしい。,0
480,テトリス,1,3,1208,1883,1514,1983,6588,6702 ,0.98 ,しろこお気に入りゲーム。ルールがかんたんで黙々とできて時間つぶしになるのが良いらしい。,0
481,天使の羽,0,2,1118,2080,1698,2314,7210,6728 ,1.07 ,肩甲骨のあたりを自動追尾してくれる光る羽。動きに合わせて自動でパタパタする。,0
482,きゅうり,0,4,2976,2773,401,1113,7263,6753 ,1.08 ,しろこの背後にそっと置いたら気づいた瞬間3メートルくらい飛び上がった。すげえ怒られた。,0
483,メイドドレス,0,2,1441,3118,913,2315,7787,6778 ,1.15 ,メイド服ベースに細い子でもきれいなシルエットになるように工夫した二人向けのドレス。,0
484,次元石,0,3,2000,300,3000,1000,6300,6803 ,0.93 ,次元の狭間に落ちている石。2つの世界にまたがって存在する。,0
485,封魔槌,1,1,3881,1313,1465,1221,7880,6829 ,1.15 ,要石をちょっと削って埋め込んだ鉄槌。,0
486,立体機動装置,0,3,887,1500,2311,3612,8310,6854 ,1.21 ,壁や木に楔を打ち込み、楔に繋がったリールの巻取りを利用して擬似的に空を飛ぶ装置。,0
487,レトルトカレー,0,4,1418,2774,705,2221,7118,6879 ,1.03 ,くろこカレーシリーズ第七弾。変なスパイスが入ってなくて物足りなく感じるようになってしまった。,0
488,緋想の剣,2,1,2315,4411,1553,1333,9612,6905 ,1.39 ,勇気凛々正々堂々戦う桃娘から譲り受けた剣。,0
489,ユニコーンの角,0,2,2,5008,2323,-100,7233,6930 ,1.04 ,"猫につけるパーティグッズ。パッケージに""cats love it!""と書かれているが......",0
490,火鼠の皮衣,1,2,609,3040,2815,1000,7464,6956 ,1.07 ,火に入れても燃えずに汚れが落ちるだけというふしぎな衣。,0
491,霊符<クライ>,2,3,2771,2625,2009,2316,9721,6981 ,1.39 ,霊力で動く式神の召喚符。響鳴の妖精クライを召喚する。,0
492,エウリュアレの弓,3,1,1714,2518,3009,3459,10700,7007 ,1.53 ,神話世界の女神がくださった弓。男ならこれでちょいです。,0
493,はと,1,2,1400,1800,1500,3000,7700,7033 ,1.09 ,足を仕舞ったおまんじゅうモードだ。しろこの両耳の間にずんぐり座った。,0
494,ファミ通,0,3,1123,2525,2525,1123,7296,7058 ,1.03 ,ちょいちょい掲載されたのでくろこは1800ガバス持っている。,0
495,オニヒトデ,0,3,4008,-109,-607,4008,7300,7084 ,1.03 ,大きくてイガイガした悪そうなヒトデの干物。,0
496,ドラゴンしっぽ,0,3,1008,3080,2424,1002,7514,7110 ,1.06 ,着脱可能な大きい龍の尻尾型アクセサリー。ある程度意思を持って動かせるので駄犬系龍娘ごっこが可能。,0
497,たこ焼きライス,0,4,4509,-500,3458,-9,7458,7136 ,1.05 ,粉ものでご飯食べるにしてもこの組み合わせはどうなんだろう...?,0
498,飛行甲板型シールド,0,2,3008,293,1007,2996,7304,7162 ,1.02 ,腕に取り付ける飛行甲板の形をした盾。これ持ってると弓も欲しくなる...!,0
499,カジノコイン,0,3,-1009,2009,2876,4009,7885,7188 ,1.10 ,落ちてるのは拾っても良いらしいのでたんまり拾ってきた。持ち帰りOK。,0
500,薔薇の花束,1,1,2008,2321,2009,2131,8469,7213 ,1.17 ,精神的な破壊力が大きい殴打武器。,0
501,世界薙ぎの剣,1,1,6309,108,2070,188,8675,7239 ,1.20 ,一振りで周囲を破壊し尽くす物騒で重い両手剣。,0
502,バランスボール,0,3,1700,1705,1684,1719,6808,7266 ,0.94 ,どこでも膨らませて遊べる便利な霊力式バランスボール。,0
503,コミックLO,1,3,1004,2626,3765,1008,8403,7292 ,1.15 ,わー、かわいい表紙の漫画なん゛――っ！？,0
504,黄楊の櫛,0,3,1669,2131,2008,2935,8743,7318 ,1.19 ,しろこの耳の付け根から後ろ髪の方へスーッと櫛を通していくとすぐ懐柔できる。,0
505,ハラペーニョ,0,4,3009,500,4098,205,7812,7344 ,1.06 ,赤くないくせにちょうからい唐辛子。,0
506,夜明けのドレス,1,2,3091,1357,1897,2431,8776,7370 ,1.19 ,夜明けの薄明かりのグラデーションを再現したドレス。,0
507,不死鳥の永火,1,3,1003,5008,1872,1443,9326,7396 ,1.26 ,不死鳥の蘇る瞬間に振り落とされる永遠に燃え続ける種火。,0
508,ねばねば丼,1,4,1777,1777,2777,1777,8108,7423 ,1.09 ,オクラ納豆とろろその他ねばねば全入りのどんぶり。,0
509,ベルセルクアンプル,2,3,4513,0,2009,4006,10528,7449 ,1.41 ,一時的に集中力と筋力にブーストが掛かるが、効果が切れると半日ぐったりなエナジードリンク。,0
510,白銀のしろランス,3,1,3513,3212,4008,4006,14739,7475 ,1.97 ,数多の次元層を共に登り詰め、槍と使い手で完全に息の合ったしろランスの最終形態。,0
511,幽冥くろこハンマー,3,1,4001,4015,2997,3918,14931,7502 ,1.99 ,数多の次元層を共に登り詰め、槌と使い手で完全に息の合ったくろこハンマーの最終形態。,0
512,しらことうろこ,1,3,3119,2447,1615,1778,8959,7528 ,1.19 ,しろことく...なんだこれー！？　なに！？なにこのセット！？,0
513,かき氷器,0,3,134,1139,3412,1696,6381,7555 ,0.84 ,刃のよく研いであるかき氷器。ハンドルを手回しするレガシーなスタイル。,0
514,くろこのベール,2,2,3479,2444,3001,2888,11812,7581 ,1.56 ,くろこが普段から被っている魔法のベール。金の重りによる絶妙な重心調整で乗さっており、常人が被ると滑り落ちる。あとくろこがすげー嫌がる。,0
515,アシモ,0,3,1960,4698,184,2378,9220,7608 ,1.21 ,電気式の式神。しろこにずっとノタノタついてくるので情が沸いて連れて行くことにした。,0
516,アマムニィ,0,4,4014,1648,1592,1631,8885,7634 ,1.16 ,小麦粉を水で練って薄くのばして素焼きした皮に肉や野菜を巻いて食べる料理。拾ったレシピで作ったら大当たりで二人ともテンションが最高潮に。,0
517,ロット王の大剣,1,1,-86,2678,3990,1793,8375,7661 ,1.09 ,刃だけで身長ほどの大きさがある非常に大きく重い大剣。こんなにカッコいいフォルムなのに特になにもいわくが無いだなんてそんなのそんなの認めない！,0
518,攻性サポートビット,2,1,4288,2337,2009,2626,11260,7688 ,1.46 ,サポートビットを敵にひっつけて力吸えば最強じゃねとくろこが思いつきで喋ったらピリカちゃんが作ってくれました。敵の攻撃力をこちらの霊力に変換するインチキ機関の完成だ！,0
519,もちゃちゃ,0,3,1483,571,3152,1000,6206,7714 ,0.80 ,どう見ても自転車だが、髪がピンクの変な異邦人がこう呼ぶのでもちゃちゃ呼びが定着した。,0
520,ピカチューカステラ,0,4,2687,2647,3050,818,9202,7741 ,1.19 ,小袋500コイン、大袋1000コイン。　…いや！大丈夫だよこれウじゃないもん！ウじゃないからおじさんが平気な顔して売ってるんだよ！,0
521,モーニングスター,0,1,1804,1676,3651,500,7631,7768 ,0.98 ,とげとげ鉄球。軌道が読みやすくてあんま強くなさそうだが果たして…,0
522,森ガールワンピ,1,2,2993,2008,2323,2658,9982,7795 ,1.28 ,「しろここれ着て」「なんよ」「まあまあ」「いいけど」「ﾌﾊｯ森ガールw森ガールになったwww」「あっひどい！素直にかわいいなって思って着たのにそんな属性つけないでー！」,0
523,塩ビパイプ,0,1,4155,200,-128,3906,8133,7822 ,1.04 ,叩くとペコンって音がして集中を削ぐ。,0
524,セーラーふく,1,2,983,-126,2869,4086,7812,7849 ,1.00 ,身長伸びるの見越して大きいの買ったら成長止まって未だに指先しか袖から出ないくろこの服。,0
525,ヤマトヌマエビ,0,4,2759,-775,2727,3695,8406,7876 ,1.07 ,水槽の壁を延々ｶﾘｶﾘｶﾘｶﾘｯとしているのがかわいくて鉢に入れて連れてきちゃいました。高い生存能力がウリ。,0
526,一斗缶,0,2,1331,3737,200,1982,7250,7903 ,0.92 ,ほらこれ被ればなかなかの防具に゛ャア゛ア゛ア゛ア゛ーーーー！やめてくろこ高速でコンコンするのやめてこれ超響くャア゛ア゛ア゛アーーーー！！,0
527,おこさまランチ,0,4,350,2322,393,355,3420,7930 ,0.43 ,しろこが妖精の懐柔用にマスターしたプレート。実際効果は強い。,0
528,クラウソラス,3,1,4328,4684,2564,1775,13351,7957 ,1.68 ,「光の剣」の名を持つ伝説の剣。せっかくの伝説なのに効能が「暗いところで光る」ってしょぼすぎませんか！？擬人化すると妹属性のちみっ娘になる。,0
529,戦闘笹,0,1,1649,1060,3277,1286,7272,7984 ,0.91 ,パンダさんから貰ったよくしなる戦闘用の笹。パンダさんは笹を渡すといずこかへ去った。…誰だったんだろう……,0
530,赤ランドセル,1,2,2777,2000,2714,1881,9372,8011 ,1.17 ,高耐久・大容量・高価なハイエンドかばん。二人とも余裕で肩を通せる。　成長とは……成長とは……,0
531,竜翼の弓,1,1,3030,2247,798,2031,8106,8038 ,1.01 ,竜の翼の骨を加工して作ったよくしなる弓。,0
532,2枚切り食パン,0,4,2386,1888,2769,732,7775,8066 ,0.96 ,くろこが「かじりつきたいじゃん？絶対楽しいじゃん？」とせがむので試したら圧倒的なフカフカ感にしろこがドハマリした。「食パンは立方体に切るべきだと思う」とか言い出す。,0
533,波動トンファー,0,1,3057,4776,2087,407,10327,8093 ,1.28 ,漫画雑誌の巻末通販で売ってた霊力パワーの込められたすごいトンファー。3990コイン。,0
534,Lispエイリアン,0,3,2647,4011,1038,660,8356,8120 ,1.03 ,(eval (観測 (習熟 Lisp プログラマ) 一般人)),0
535,背中空きセーター,1,2,4064,5621,298,-126,9857,8148 ,1.21 ,セーターなのに背中をガバッと見せる大胆なやつ。でも素肌に着るもんじゃないと思う。ちくちくするし,0
536,メルク,2,3,4387,3311,2000,2700,12398,8175 ,1.52 ,瓶詰めの喋る魔法の水。目減りしてきたら半日空気にさらした水道水を補充しよう。,0
537,迷霊の透服,1,2,1305,2424,1719,3736,9184,8203 ,1.12 ,霊「そこな小娘……」くろこ「わたし？」「これを授けよう…着よ…」「…いやこれちょっと胸元空きすぎっていうかこの服いろいろ透けて見え」「では……託したぞ……」「えー」,0
538,フェムトファイバー,0,3,10,4112,2455,2009,8586,8230 ,1.04 ,月の裏側からかっぱらってきた大妖怪も封じられる霊的に強靭な糸。,0
539,雪原ザメの歯,0,3,3854,5,4393,222,8474,8258 ,1.03 ,雪の中を泳ぐ凶悪なサメの歯。,0
540,あやしいイチゴ,0,4,2333,2333,2333,2333,9332,8285 ,1.13 ,「傷んでるとこだけ削ればいける」「いやーおなかこわすよーもったいないけどしゃーなしよ」「でも」「せめて加熱」「イチゴは生食が至高」「またここで変なこだわりみせるー」,0
541,ピリカナヅッチ,2,1,3477,4452,2443,2323,12695,8313 ,1.53 ,ピリカちゃん大物のハンマーを作りました。ん？カナヅチ……妖精……？　なにか……なにか変な妖精の記憶が…誰なんだこいつは……これはいったい……？,0
542,カラーコーン,0,3,3670,2039,-461,2780,8028,8341 ,0.96 ,大きくてかさばり、安く手に入る贈答品。友達にこっそりプレゼントして部屋を圧迫しよう！,0
543,妖精のローブ,1,2,3928,2887,2648,2443,11906,8368 ,1.42 ,「にんげんさんにんげんさん」「これきるです」「まほう？はじくです」しろこ「……これちょっとエッチじゃない？透けない？」「きにするな」「ふぁんさーびすです」「はよはよ」,0
544,関数電卓,0,3,1117,2599,2727,2012,8455,8396 ,1.01 ,高そうで高くない少し高い多機能電卓。方程式とかも解ける。,0
545,妖精の弓,1,1,1953,1518,3829,2661,9961,8424 ,1.18 ,「にんげんさん」「これつかうです」「かぜのちから？エンチャしたです」　しろこ「射るたびに風吹いて服がめくれるのだけど」「すげーべ」「あにめ？ではよくあることです」,0
546,迷霊の鎚,1,1,2159,2929,1398,3908,10394,8452 ,1.23 ,「そこな小娘……」「うわーまた出た！？」「あの服は…まだ着てくれないのか…」「えっちすぎるからね」「今日は鎚を授けにきた…」「普通だ」「では……」「なんなんだ」,0
547,目玉おやじ,0,3,1068,581,2762,3394,7805,8480 ,0.92 ,強力な霊力の塊。ていうか幽霊。自立行動で二人をサポートする助っ人だ！,0
548,妖精の鞭,1,1,3090,2026,2794,3320,11230,8508 ,1.32 ,「にんげんさんにんげんさん」「これつかうです」しろこ「私の知ってる鞭とだいぶ見た目が違うのだけど」「ひらひらいっぱいあるとすごいいたい」「そのしせん…そしつあるです」,0
549,ナン,0,4,2436,1218,497,3943,8094,8536 ,0.95 ,くろこカレーシリーズわき道迷走第一弾。湿度で水の量を変えるこだわりっぷり。,0
550,呼び込み君,0,3,1844,257,1717,4256,8074,8564 ,0.94 ,「スーパーのあのBGM」の正体である妖怪。売り場の陰にそっと潜み陽気な音楽を鳴らしていく。,0
551,ダークネスゆかた,2,2,5160,3010,2667,1678,12515,8592 ,1.46 ,鈍く光を吸い込む黒をベースに鮮やかな赤の薔薇の柄を足下に散らしたちょっと中二ゆかた。,0
552,ビーチパラソル,0,1,3000,3434,773,2000,9207,8620 ,1.07 ,水着ガチャキャラがよく槍にしている砂浜に差す傘。,0
553,霊符<サクラ>,2,3,4689,5705,10,1837,12241,8648 ,1.42 ,霊力で動く式神の召喚符。桜花の妖精サクラを召喚する。,0
554,氷霜の盾,0,2,1885,161,3373,3340,8759,8676 ,1.01 ,強い冷気を持ち、端から氷がどんどん成長していく盾。持つときは軍手必須。,0
555,軍手,0,3,2,3641,4248,1013,8904,8704 ,1.02 ,冷たい盾・冷たい剣を持つときにどうぞ。,0
556,叡智の灯火,0,3,2949,0,3006,3216,9171,8732 ,1.05 ,食べると少しだけ強くなる火の概念体。,0
557,流星,3,1,6154,817,4678,2421,14070,8761 ,1.61 ,星の輝きに呼応して霊力を放出する槍。,0
558,ストロー袋,0,3,2758,2822,2742,2881,11203,8789 ,1.27 ,「しろこ見てて」「うん」（水かける）「どうよ」「動いた」「芋虫」「あー、まあ」「伝わらなかった……」「伝わりはしたよ？」「微妙かー」,0
559,破城槌,0,1,4645,5141,-200,-513,9073,8817 ,1.03 ,閉じた城門に対してまっすぐ打ち込んでむりやり破る……ハンマー……、…丸太……？　くろこちゃん500lv以上もあるんだからこれ持てるよね！「まかせな」,0
560,封精の鳥籠,1,3,2079,3462,4736,1111,11388,8846 ,1.29 ,妖精を捕らえるために作られた霊力封じの鳥籠。3時間も中に閉じこめておくと霊力を失いぐったりべっちゃりする。,0
561,対魔聖書,0,1,3362,348,4651,180,8541,8874 ,0.96 ,念じると光り輝き悪を浄化する本。う゛ぁぇぁあぁぁー…,0
562,迷霊の指輪,1,3,4444,2987,1230,2771,11432,8903 ,1.28 ,「そこな小娘…」「出たな」「あの服を着」「やだよ」「今日はこの指輪を授けに……」「重い！変な霊の愛が妙に重い！」「さらば……」,0
563,プリンアラモード,0,4,1844,5550,2024,2024,11442,8931 ,1.28 ,しろこパティシエシリーズおこさま向け第八弾。メロンとさくらんぼ、オレンジで色とりどりに。,0
564,フェイルノート,3,1,2998,4073,6781,2323,16175,8960 ,1.81 ,必ず当たるという伝説の弓。トランプで戦いそうな見た目の騎士が弓を弾く音で攻撃したりﾎﾟﾛﾛﾝ♪と首を掻ききったりするのは二次設定。,0
565,もしゃもしゃリボン,0,2,3247,2407,2242,1993,9889,8988 ,1.10 ,大きなフリルつきのリボン。,0
566,しろノワール,0,4,2060,-217,1476,6661,9980,9017 ,1.11 ,しろこお手製のソフトクリームつきデニッシュ。「私の耳っぽくアイスふたつにしてみたんだけど」「余るわ」「だよねー…」,0
567,ティッピー,1,3,2216,3421,3884,-497,9024,9046 ,1.00 ,頭に乗っかってくる毛玉。,0
568,炭酸抜きコーラ,1,4,1556,7555,3510,1,12622,9075 ,1.39 ,ほう……,0
569,ハーゲンダッツ,0,4,2800,1,1670,4292,8763,9103 ,0.96 ,やったー！濃い！なめらか！,0
570,妖精の鍋,2,3,3999,4601,4555,1310,14465,9132 ,1.58 ,「にんげんさん」「なべです」しろこ「…なんで……？」「このなかにねそべります、これぞ」「よせなべ」しろこ「ﾌﾌｯ」「わらった」「だいせいこう」,0
571,呼符しおり,1,3,-415,4879,3632,2222,10318,9161 ,1.13 ,呼符を模したしおり。,0
572,境界分かつ霊理環符,1,3,3000,2000,3000,2000,10000,9190 ,1.09 ,霊界と顕界の境界を定める符。符は天地のつながった潰れたちくわ的構造になっており、輪廻、連続性を表している。,0
573,ピリカパルサー,2,1,872,3592,4931,4997,14392,9219 ,1.56 ,ピリカちゃんの開発した光線銃。引き金を引くたびに「ﾋﾟﾋﾟﾋﾟﾋﾟﾋﾟ」「ばきゅーん」「ﾁｭｲｰｰｰｰ」からランダムで音が鳴る。,0
574,スリケン,0,1,1747,2811,3489,3523,11570,9248 ,1.25 ,手裏剣とは別物。イヤーッ！,0
575,迷霊の花嫁衣装,2,2,1947,2361,4793,4824,13925,9277 ,1.50 ,「そこな小娘…」くろこ「わーまた出た幽霊！？」「たまには白い服を着てみよ……そなたには似合うはずだ……」「あ、ありがと……？」,0
576,ビームサーベル,1,1,7676,80,3557,-108,11205,9306 ,1.20 ,乾電池式。使わないときは電池を抜いてください、と書いてあるが面倒すぎる…,0
577,フルーチェ,0,4,3939,1536,-414,3939,9000,9335 ,0.96 ,くろこの要望で硬めに作りました。,0
578,こんにゃく釣竿,0,1,3150,259,2114,3869,9392,9364 ,1.00 ,首筋にピトッてするための釣竿。,0
579,ブラウニー,0,4,2087,2666,2666,2666,10085,9393 ,1.07 ,かたーくずっしり焼いたチョコケーキ。密度を楽しもう。,0
580,オオサンショウウオ,0,3,1360,1010,4737,2274,9381,9423 ,1.00 ,無言でついてきて背中をてしてししてくる。,0
581,霊夢リボン,2,2,3338,7777,3655,278,15048,9452 ,1.59 ,霊夢さんの普段つけている大きな赤いリボン。,0
582,かかしオートマタ,1,2,1680,5551,340,3705,11276,9481 ,1.19 ,自律稼働するかかし。要所で「ここは俺に任せろ！」と立ちはだかり倒れるが何故か毎度生還する。,0
583,炙り食品サンプル,3,4,4541,4001,6002,1876,16420,9511 ,1.73 ,攻撃力特化型の食品サンプル。,0
584,悪魔しっぽ,2,3,2114,5142,679,6152,14087,9540 ,1.48 ,先端がハート型のしなるしっぽ。霊的に神経と接続し感触を伝える。　ひゃん！,0
585,スプラローラー,0,1,4035,4512,2651,4,11202,9569 ,1.17 ,ころころー。,0
586,テント,0,3,3353,359,2655,3996,10363,9599 ,1.08 ,やっと出てきたお泊りセット。寝返り打つとすぐぶつかるぎゅうぎゅうテント。,0
587,干しアワビ,0,4,3409,400,3871,4000,11680,9628 ,1.21 ,「うわーすごいよこれ！超高いよ！」「何に使うの」「出汁...?取って......スープ......?」,0
588,橙,3,3,2514,5888,4252,2189,14843,9658 ,1.54 ,持ち運びできる生体コンピュータ。しっぽが二本しかないので性能は低いけどおつかいくらいならできます。,0
589,瑞雲,1,1,1622,1177,4299,4614,11712,9687 ,1.21 ,ジュラルミン製の水上偵察機。安全のために火薬類は全部取っ払ってあります。,0
590,赤ずきん,1,2,3000,2785,200,4624,10609,9717 ,1.09 ,鮮やかな肩までかかる赤色のずきん。,0
591,アクリルスタンド,0,3,2768,3000,3000,3000,11768,9747 ,1.21 ,しろことくろことイガイガを立ててヴィネット風にしたアクリルスタンド。,0
592,みんみマフラー,2,2,6143,446,1607,2245,10441,9776 ,1.07 ,サーバル柄のマフラー。ヒョウ柄とは何か違うんです？,0
593,矢絣の袴,0,2,5086,727,2157,2712,10682,9806 ,1.09 ,初心者マークが互い違いに敷き詰められてるみたいな模様の袴。レトロな雰囲気の魅力がある。,0
594,カレーパン,0,4,-454,4133,994,3665,8338,9836 ,0.85 ,二人の合作。濃いめ水分少なめに仕上げたカレーを手打ちの生地で包みました。,0
595,耳が垂れる薬,2,3,2889,4697,4699,1491,13776,9866 ,1.40 ,「！？」「おー」「.......飲まないよ！！！！絶対に飲まないよ！！！！怖すぎるじゃん！！！」「かわいいかもよ」「怖いよー！」,0
596,イガイガ,0,1,4160,4015,412,2789,11376,9896 ,1.15 ,そう、あいつだ。イガイガヨケで無限湧きするあいつだ。無限に現れてはぶえーさせていく構造体だ。,0
597,無,0,1,616,5860,158,5087,11721,9926 ,1.18 ,「え、なにこれ」「無」「ないじゃん」「無がある」「えっ」「私たちは無を取得した」「バグってない？」「仕様」,0
598,銀纏しろワンピ,3,2,6542,6315,3098,2997,18952,9955 ,1.90 ,いろいろあって仲良くなった妖精さんたちに本気出して作ってもらった純白のワンピース。「われわれがんばりましたな」「なつぞらにあうでざいん」「むぎわらぼうしかぶるです」,0
599,黒葬くろローブ,3,2,4432,4512,7008,3009,18961,9985 ,1.90 ,ストーカー気味の幽霊さんが成仏間際に残したミニスカローブ。「そこな小娘」「出たな変態幽霊」「ア゛ッ…いい…こういうのずっとやりたかった…(ｽｰｯ」「うわー成仏した！？」,0
